fecha,periodo,anio,mes,trimestre,id_producto,producto,categoria,cantidad,precio_unitario,total,total_calculado,diferencia_total,costo,margen_unitario,margen_estimado,margen_pct,stock
2025-01-01,2025-01,2025,1,2025Q1,P018,Arena fina saco 40 kg,Materiales de construcción,12,9.48,113.76,113.76,0.0,7.6,1.88,22.56,0.1983,120
2025-01-01,2025-01,2025,1,2025Q1,P044,Cinta teflón 12 mm,Gasfitería,1,2.05,2.05,2.05,0.0,1.1,0.95,0.95,0.4634,210
2025-01-01,2025-01,2025,1,2025Q1,P008,Llave francesa 10 pulgadas,Herramientas manuales,2,39.88,79.76,79.76,0.0,28.0,11.88,23.76,0.2979,16
2025-01-01,2025-01,2025,1,2025Q1,P052,Perno hexagonal 1/4 ciento,Tornillería y fijaciones,5,19.94,99.7,99.7,0.0,12.5,7.44,37.2,0.3731,58
2025-01-01,2025-01,2025,1,2025Q1,P025,Pintura látex blanca 1 gl,Pinturas,1,49.83,49.83,49.83,0.0,34.0,15.83,15.83,0.3177,38
2025-01-01,2025-01,2025,1,2025Q1,P051,Tarugo plástico 6 mm ciento,Tornillería y fijaciones,3,5.7,17.1,17.1,0.0,3.1,2.6,7.8,0.4561,180
2025-01-01,2025-01,2025,1,2025Q1,P054,Tuerca hexagonal 1/4 ciento,Tornillería y fijaciones,1,10.17,10.17,10.17,0.0,6.0,4.17,4.17,0.41,75
2025-01-02,2025-01,2025,1,2025Q1,P018,Arena fina saco 40 kg,Materiales de construcción,10,9.27,92.7,92.7,0.0,7.6,1.67,16.7,0.1802,120
2025-01-02,2025-01,2025,1,2025Q1,P044,Cinta teflón 12 mm,Gasfitería,10,2.03,20.3,20.3,0.0,1.1,0.93,9.3,0.4581,210
2025-01-02,2025-01,2025,1,2025Q1,P044,Cinta teflón 12 mm,Gasfitería,6,1.93,11.58,11.58,0.0,1.1,0.83,4.98,0.4301,210
2025-01-02,2025-01,2025,1,2025Q1,P001,Martillo de acero 16 oz,Herramientas manuales,2,27.28,54.56,54.56,0.0,18.5,8.78,17.56,0.3218,34
2025-01-02,2025-01,2025,1,2025Q1,P001,Martillo de acero 16 oz,Herramientas manuales,4,27.62,110.48,110.48,0.0,18.5,9.12,36.48,0.3302,34
2025-01-03,2025-01,2025,1,2025Q1,P051,Tarugo plástico 6 mm ciento,Tornillería y fijaciones,2,5.53,11.06,11.06,0.0,3.1,2.43,4.86,0.4394,180
2025-01-03,2025-01,2025,1,2025Q1,P041,Tubo PVC agua 1/2 pulgada,Gasfitería,1,7.87,7.87,7.87,0.0,5.4,2.47,2.47,0.3139,130
2025-01-04,2025-01,2025,1,2025Q1,P033,Cable THW 12 AWG metro,Electricidad,8,3.55,28.4,28.4,0.0,2.4,1.15,9.2,0.3239,420
2025-01-04,2025-01,2025,1,2025Q1,P061,Chaleco reflectivo,Seguridad industrial,3,17.44,52.32,52.32,0.0,11.8,5.64,16.92,0.3234,45
2025-01-04,2025-01,2025,1,2025Q1,P036,Cinta aislante negra,Electricidad,1,3.5,3.5,3.5,0.0,2.1,1.4,1.4,0.4,160
2025-01-04,2025-01,2025,1,2025Q1,P051,Tarugo plástico 6 mm ciento,Tornillería y fijaciones,2,5.4,10.8,10.8,0.0,3.1,2.3,4.6,0.4259,180
2025-01-04,2025-01,2025,1,2025Q1,P049,Tornillo drywall 1 pulgada ciento,Tornillería y fijaciones,3,8.18,24.54,24.54,0.0,4.8,3.38,10.14,0.4132,145
2025-01-04,2025-01,2025,1,2025Q1,P041,Tubo PVC agua 1/2 pulgada,Gasfitería,2,7.81,15.62,15.62,0.0,5.4,2.41,4.82,0.3086,130
2025-01-06,2025-01,2025,1,2025Q1,P037,Foco LED 9W luz fría,Electricidad,10,7.02,70.2,70.2,0.0,4.8,2.22,22.2,0.3162,140
2025-01-06,2025-01,2025,1,2025Q1,P054,Tuerca hexagonal 1/4 ciento,Tornillería y fijaciones,10,9.71,97.1,97.1,0.0,6.0,3.71,37.1,0.3821,75
2025-01-07,2025-01,2025,1,2025Q1,P018,Arena fina saco 40 kg,Materiales de construcción,2,9.78,19.56,19.56,0.0,7.6,2.18,4.36,0.2229,120
2025-01-07,2025-01,2025,1,2025Q1,P039,Canaleta PVC 20x10 mm,Electricidad,8,4.66,37.28,37.28,0.0,3.2,1.46,11.68,0.3133,115
2025-01-07,2025-01,2025,1,2025Q1,P045,Pegamento PVC 1/4 gl,Gasfitería,2,16.99,33.98,33.98,0.0,11.6,5.39,10.78,0.3172,58
2025-01-07,2025-01,2025,1,2025Q1,P025,Pintura látex blanca 1 gl,Pinturas,2,49.94,99.88,99.88,0.0,34.0,15.94,31.88,0.3192,38
2025-01-07,2025-01,2025,1,2025Q1,P009,Taladro percutor 650W,Herramientas eléctricas,2,194.64,389.28,389.28,0.0,145.0,49.64,99.28,0.255,9
2025-01-07,2025-01,2025,1,2025Q1,P049,Tornillo drywall 1 pulgada ciento,Tornillería y fijaciones,8,8.73,69.84,69.84,0.0,4.8,3.93,31.44,0.4502,145
2025-01-08,2025-01,2025,1,2025Q1,P019,Pegamento cerámico 25 kg,Materiales de construcción,10,23.42,234.2,234.2,0.0,18.2,5.22,52.2,0.2229,68
2025-01-09,2025-01,2025,1,2025Q1,P058,Lente de seguridad transparente,Seguridad industrial,4,9.96,39.84,39.84,0.0,6.4,3.56,14.24,0.3574,95
2025-01-09,2025-01,2025,1,2025Q1,P031,Lija al agua grano 220,Pinturas,2,1.01,2.02,2.02,0.0,0.55,0.46,0.92,0.4554,320
2025-01-09,2025-01,2025,1,2025Q1,P029,Rodillo felpa 9 pulgadas,Pinturas,3,16.0,48.0,48.0,0.0,9.7,6.3,18.9,0.3938,62
2025-01-10,2025-01,2025,1,2025Q1,P037,Foco LED 9W luz fría,Electricidad,15,7.12,106.8,106.8,0.0,4.8,2.32,34.8,0.3258,140
2025-01-10,2025-01,2025,1,2025Q1,P031,Lija al agua grano 220,Pinturas,3,1.0,3.0,3.0,0.0,0.55,0.45,1.35,0.45,320
2025-01-11,2025-01,2025,1,2025Q1,P036,Cinta aislante negra,Electricidad,1,3.57,3.57,3.57,0.0,2.1,1.47,1.47,0.4118,160
2025-01-11,2025-01,2025,1,2025Q1,P005,Cinta métrica 5 m,Herramientas manuales,3,13.52,40.56,40.56,0.0,8.8,4.72,14.16,0.3491,57
2025-01-11,2025-01,2025,1,2025Q1,P051,Tarugo plástico 6 mm ciento,Tornillería y fijaciones,8,5.35,42.8,42.8,0.0,3.1,2.25,18.0,0.4206,180
2025-01-12,2025-01,2025,1,2025Q1,P017,Cemento bolsa 42.5 kg,Materiales de construcción,8,29.18,233.44,233.44,0.0,24.0,5.18,41.44,0.1775,96
2025-01-12,2025-01,2025,1,2025Q1,P003,Destornillador plano 6 pulgadas,Herramientas manuales,2,9.02,18.04,18.04,0.0,5.4,3.62,7.24,0.4013,85
2025-01-12,2025-01,2025,1,2025Q1,P037,Foco LED 9W luz fría,Electricidad,15,7.4,111.0,111.0,0.0,4.8,2.6,39.0,0.3514,140
2025-01-13,2025-01,2025,1,2025Q1,P005,Cinta métrica 5 m,Herramientas manuales,3,13.97,41.91,41.91,0.0,8.8,5.17,15.51,0.3701,57
2025-01-15,2025-01,2025,1,2025Q1,P017,Cemento bolsa 42.5 kg,Materiales de construcción,4,29.12,116.48,116.48,0.0,24.0,5.12,20.48,0.1758,96
2025-01-15,2025-01,2025,1,2025Q1,P036,Cinta aislante negra,Electricidad,10,3.53,35.3,35.3,0.0,2.1,1.43,14.3,0.4051,160
2025-01-15,2025-01,2025,1,2025Q1,P003,Destornillador plano 6 pulgadas,Herramientas manuales,1,9.02,9.02,9.02,0.0,5.4,3.62,3.62,0.4013,85
2025-01-15,2025-01,2025,1,2025Q1,P034,Interruptor simple empotrable,Electricidad,8,8.69,69.52,69.52,0.0,5.8,2.89,23.12,0.3326,95
2025-01-15,2025-01,2025,1,2025Q1,P007,Nivel de burbuja 40 cm,Herramientas manuales,4,27.86,111.44,111.44,0.0,19.9,7.96,31.84,0.2857,19
2025-01-15,2025-01,2025,1,2025Q1,P049,Tornillo drywall 1 pulgada ciento,Tornillería y fijaciones,2,8.39,16.78,16.78,0.0,4.8,3.59,7.18,0.4279,145
2025-01-16,2025-01,2025,1,2025Q1,P039,Canaleta PVC 20x10 mm,Electricidad,8,4.74,37.92,37.92,0.0,3.2,1.54,12.32,0.3249,115
2025-01-16,2025-01,2025,1,2025Q1,P059,Casco de seguridad amarillo,Seguridad industrial,1,24.32,24.32,24.32,0.0,16.5,7.82,7.82,0.3215,32
2025-01-16,2025-01,2025,1,2025Q1,P027,Esmalte sintético negro 1/4 gl,Pinturas,1,26.69,26.69,26.69,0.0,18.0,8.69,8.69,0.3256,45
2025-01-17,2025-01,2025,1,2025Q1,P019,Pegamento cerámico 25 kg,Materiales de construcción,2,23.8,47.6,47.6,0.0,18.2,5.6,11.2,0.2353,68
2025-01-17,2025-01,2025,1,2025Q1,P035,Tomacorriente doble,Electricidad,15,10.72,160.8,160.8,0.0,7.2,3.52,52.8,0.3284,87
2025-01-17,2025-01,2025,1,2025Q1,P046,Trampa lavatorio PVC,Gasfitería,1,12.45,12.45,12.45,0.0,8.5,3.95,3.95,0.3173,44
2025-01-18,2025-01,2025,1,2025Q1,P042,Codo PVC 1/2 pulgada,Gasfitería,4,1.54,6.16,6.16,0.0,0.95,0.59,2.36,0.3831,260
2025-01-18,2025-01,2025,1,2025Q1,P020,Yeso bolsa 20 kg,Materiales de construcción,12,13.78,165.36,165.36,0.0,10.8,2.98,35.76,0.2163,55
2025-01-19,2025-01,2025,1,2025Q1,P033,Cable THW 12 AWG metro,Electricidad,1,3.63,3.63,3.63,0.0,2.4,1.23,1.23,0.3388,420
2025-01-19,2025-01,2025,1,2025Q1,P017,Cemento bolsa 42.5 kg,Materiales de construcción,5,30.46,152.3,152.3,0.0,24.0,6.46,32.3,0.2121,96
2025-01-19,2025-01,2025,1,2025Q1,P008,Llave francesa 10 pulgadas,Herramientas manuales,2,38.23,76.46,76.46,0.0,28.0,10.23,20.46,0.2676,16
2025-01-19,2025-01,2025,1,2025Q1,P019,Pegamento cerámico 25 kg,Materiales de construcción,8,23.76,190.08,190.08,0.0,18.2,5.56,44.48,0.234,68
2025-01-20,2025-01,2025,1,2025Q1,P002,Alicate universal 8 pulgadas,Herramientas manuales,3,24.06,72.18,72.18,0.0,16.2,7.86,23.58,0.3267,42
2025-01-20,2025-01,2025,1,2025Q1,P017,Cemento bolsa 42.5 kg,Materiales de construcción,5,29.23,146.15,146.15,0.0,24.0,5.23,26.15,0.1789,96
2025-01-20,2025-01,2025,1,2025Q1,P036,Cinta aislante negra,Electricidad,10,3.46,34.6,34.6,0.0,2.1,1.36,13.6,0.3931,160
2025-01-20,2025-01,2025,1,2025Q1,P050,Tornillo autoperforante 3/4 ciento,Tornillería y fijaciones,1,8.79,8.79,8.79,0.0,5.2,3.59,3.59,0.4084,130
2025-01-21,2025-01,2025,1,2025Q1,P048,Ducha eléctrica 5500W,Gasfitería,2,92.27,184.54,184.54,0.0,69.0,23.27,46.54,0.2522,10
2025-01-21,2025-01,2025,1,2025Q1,P050,Tornillo autoperforante 3/4 ciento,Tornillería y fijaciones,5,8.8,44.0,44.0,0.0,5.2,3.6,18.0,0.4091,130
2025-01-22,2025-01,2025,1,2025Q1,P033,Cable THW 12 AWG metro,Electricidad,8,3.48,27.84,27.84,0.0,2.4,1.08,8.64,0.3103,420
2025-01-22,2025-01,2025,1,2025Q1,P043,Llave esférica 1/2 pulgada,Gasfitería,6,14.65,87.9,87.9,0.0,9.8,4.85,29.1,0.3311,74
2025-01-22,2025-01,2025,1,2025Q1,P066,Regadera plástica 10 L,Jardinería,2,27.62,55.24,55.24,0.0,18.5,9.12,18.24,0.3302,24
2025-01-23,2025-01,2025,1,2025Q1,P017,Cemento bolsa 42.5 kg,Materiales de construcción,10,29.63,296.3,296.3,0.0,24.0,5.63,56.3,0.19,96
2025-01-23,2025-01,2025,1,2025Q1,P017,Cemento bolsa 42.5 kg,Materiales de construcción,12,30.7,368.4,368.4,0.0,24.0,6.7,80.4,0.2182,96
2025-01-23,2025-01,2025,1,2025Q1,P058,Lente de seguridad transparente,Seguridad industrial,10,9.53,95.3,95.3,0.0,6.4,3.13,31.3,0.3284,95
2025-01-23,2025-01,2025,1,2025Q1,P046,Trampa lavatorio PVC,Gasfitería,4,12.67,50.68,50.68,0.0,8.5,4.17,16.68,0.3291,44
2025-01-24,2025-01,2025,1,2025Q1,P036,Cinta aislante negra,Electricidad,2,3.67,7.34,7.34,0.0,2.1,1.57,3.14,0.4278,160
2025-01-24,2025-01,2025,1,2025Q1,P036,Cinta aislante negra,Electricidad,4,3.6,14.4,14.4,0.0,2.1,1.5,6.0,0.4167,160
2025-01-24,2025-01,2025,1,2025Q1,P055,Remache pop 1/8 ciento,Tornillería y fijaciones,2,15.28,30.56,30.56,0.0,9.5,5.78,11.56,0.3783,41
2025-01-25,2025-01,2025,1,2025Q1,P056,Anclaje expansivo 3/8 unidad,Tornillería y fijaciones,5,2.91,14.55,14.55,0.0,1.8,1.11,5.55,0.3814,110
2025-01-25,2025-01,2025,1,2025Q1,P001,Martillo de acero 16 oz,Herramientas manuales,2,26.06,52.12,52.12,0.0,18.5,7.56,15.12,0.2901,34
2025-01-25,2025-01,2025,1,2025Q1,P019,Pegamento cerámico 25 kg,Materiales de construcción,6,23.19,139.14,139.14,0.0,18.2,4.99,29.94,0.2152,68
2025-01-25,2025-01,2025,1,2025Q1,P035,Tomacorriente doble,Electricidad,1,11.06,11.06,11.06,0.0,7.2,3.86,3.86,0.349,87
2025-01-26,2025-01,2025,1,2025Q1,P017,Cemento bolsa 42.5 kg,Materiales de construcción,2,29.38,58.76,58.76,0.0,24.0,5.38,10.76,0.1831,96
2025-01-26,2025-01,2025,1,2025Q1,P070,Fertilizante universal 1 kg,Jardinería,3,14.42,43.26,43.26,0.0,9.8,4.62,13.86,0.3204,52
2025-01-27,2025-01,2025,1,2025Q1,P018,Arena fina saco 40 kg,Materiales de construcción,10,9.51,95.1,95.1,0.0,7.6,1.91,19.1,0.2008,120
2025-01-27,2025-01,2025,1,2025Q1,P005,Cinta métrica 5 m,Herramientas manuales,1,13.84,13.84,13.84,0.0,8.8,5.04,5.04,0.3642,57
2025-01-28,2025-01,2025,1,2025Q1,P036,Cinta aislante negra,Electricidad,8,3.45,27.6,27.6,0.0,2.1,1.35,10.8,0.3913,160
2025-01-28,2025-01,2025,1,2025Q1,P001,Martillo de acero 16 oz,Herramientas manuales,4,27.76,111.04,111.04,0.0,18.5,9.26,37.04,0.3336,34
2025-01-29,2025-01,2025,1,2025Q1,P059,Casco de seguridad amarillo,Seguridad industrial,1,23.93,23.93,23.93,0.0,16.5,7.43,7.43,0.3105,32
2025-01-29,2025-01,2025,1,2025Q1,P003,Destornillador plano 6 pulgadas,Herramientas manuales,1,8.85,8.85,8.85,0.0,5.4,3.45,3.45,0.3898,85
2025-01-29,2025-01,2025,1,2025Q1,P060,Mascarilla KN95 unidad,Seguridad industrial,10,2.58,25.8,25.8,0.0,1.6,0.98,9.8,0.3798,260
2025-01-29,2025-01,2025,1,2025Q1,P041,Tubo PVC agua 1/2 pulgada,Gasfitería,2,7.67,15.34,15.34,0.0,5.4,2.27,4.54,0.296,130
2025-01-30,2025-01,2025,1,2025Q1,P002,Alicate universal 8 pulgadas,Herramientas manuales,2,23.97,47.94,47.94,0.0,16.2,7.77,15.54,0.3242,42
2025-01-30,2025-01,2025,1,2025Q1,P036,Cinta aislante negra,Electricidad,5,3.64,18.2,18.2,0.0,2.1,1.54,7.7,0.4231,160
2025-01-31,2025-01,2025,1,2025Q1,P036,Cinta aislante negra,Electricidad,15,3.45,51.75,51.75,0.0,2.1,1.35,20.25,0.3913,160
2025-01-31,2025-01,2025,1,2025Q1,P037,Foco LED 9W luz fría,Electricidad,1,7.12,7.12,7.12,0.0,4.8,2.32,2.32,0.3258,140
2025-01-31,2025-01,2025,1,2025Q1,P054,Tuerca hexagonal 1/4 ciento,Tornillería y fijaciones,10,9.78,97.8,97.8,0.0,6.0,3.78,37.8,0.3865,75
2025-02-01,2025-02,2025,2,2025Q1,P010,Amoladora angular 4.5 pulgadas,Herramientas eléctricas,1,154.43,154.43,154.43,0.0,118.0,36.43,36.43,0.2359,7
2025-02-01,2025-02,2025,2,2025Q1,P017,Cemento bolsa 42.5 kg,Materiales de construcción,15,29.76,446.4,446.4,0.0,24.0,5.76,86.4,0.1935,96
2025-02-01,2025-02,2025,2,2025Q1,P042,Codo PVC 1/2 pulgada,Gasfitería,5,1.6,8.0,8.0,0.0,0.95,0.65,3.25,0.4062,260
2025-02-01,2025-02,2025,2,2025Q1,P034,Interruptor simple empotrable,Electricidad,15,9.26,138.9,138.9,0.0,5.8,3.46,51.9,0.3737,95
2025-02-01,2025-02,2025,2,2025Q1,P001,Martillo de acero 16 oz,Herramientas manuales,3,26.54,79.62,79.62,0.0,18.5,8.04,24.12,0.3029,34
2025-02-02,2025-02,2025,2,2025Q1,P018,Arena fina saco 40 kg,Materiales de construcción,12,9.78,117.36,117.36,0.0,7.6,2.18,26.16,0.2229,120
2025-02-02,2025-02,2025,2,2025Q1,P017,Cemento bolsa 42.5 kg,Materiales de construcción,8,28.78,230.24,230.24,0.0,24.0,4.78,38.24,0.1661,96
2025-02-02,2025-02,2025,2,2025Q1,P021,Ladrillo pandereta unidad,Materiales de construcción,3,1.0,3.0,3.0,0.0,0.82,0.18,0.54,0.18,900
2025-02-02,2025-02,2025,2,2025Q1,P058,Lente de seguridad transparente,Seguridad industrial,2,9.74,19.48,19.48,0.0,6.4,3.34,6.68,0.3429,95
2025-02-02,2025-02,2025,2,2025Q1,P029,Rodillo felpa 9 pulgadas,Pinturas,1,15.6,15.6,15.6,0.0,9.7,5.9,5.9,0.3782,62
2025-02-02,2025-02,2025,2,2025Q1,P009,Taladro percutor 650W,Herramientas eléctricas,3,198.47,595.41,595.41,0.0,145.0,53.47,160.41,0.2694,9
2025-02-03,2025-02,2025,2,2025Q1,P058,Lente de seguridad transparente,Seguridad industrial,2,9.46,18.92,18.92,0.0,6.4,3.06,6.12,0.3235,95
2025-02-04,2025-02,2025,2,2025Q1,P018,Arena fina saco 40 kg,Materiales de construcción,2,9.81,19.62,19.62,0.0,7.6,2.21,4.42,0.2253,120
2025-02-04,2025-02,2025,2,2025Q1,P003,Destornillador plano 6 pulgadas,Herramientas manuales,2,9.14,18.28,18.28,0.0,5.4,3.74,7.48,0.4092,85
2025-02-04,2025-02,2025,2,2025Q1,P037,Foco LED 9W luz fría,Electricidad,3,6.91,20.73,20.73,0.0,4.8,2.11,6.33,0.3054,140
2025-02-04,2025-02,2025,2,2025Q1,P020,Yeso bolsa 20 kg,Materiales de construcción,10,14.19,141.9,141.9,0.0,10.8,3.39,33.9,0.2389,55
2025-02-05,2025-02,2025,2,2025Q1,P070,Fertilizante universal 1 kg,Jardinería,5,14.48,72.4,72.4,0.0,9.8,4.68,23.4,0.3232,52
2025-02-05,2025-02,2025,2,2025Q1,P057,Guante de seguridad latex par,Seguridad industrial,3,6.68,20.04,20.04,0.0,4.3,2.38,7.14,0.3563,150
2025-02-05,2025-02,2025,2,2025Q1,P058,Lente de seguridad transparente,Seguridad industrial,5,9.87,49.35,49.35,0.0,6.4,3.47,17.35,0.3516,95
2025-02-06,2025-02,2025,2,2025Q1,P033,Cable THW 12 AWG metro,Electricidad,1,3.62,3.62,3.62,0.0,2.4,1.22,1.22,0.337,420
2025-02-06,2025-02,2025,2,2025Q1,P032,Thinner acrílico 1 L,Pinturas,2,13.02,26.04,26.04,0.0,8.9,4.12,8.24,0.3164,70
2025-02-07,2025-02,2025,2,2025Q1,P071,Maceta plastica mediana,Jardinería,4,10.45,41.8,41.8,0.0,6.5,3.95,15.8,0.378,80
2025-02-07,2025-02,2025,2,2025Q1,P035,Tomacorriente doble,Electricidad,10,11.01,110.1,110.1,0.0,7.2,3.81,38.1,0.346,87
2025-02-08,2025-02,2025,2,2025Q1,P005,Cinta métrica 5 m,Herramientas manuales,5,14.2,71.0,71.0,0.0,8.8,5.4,27.0,0.3803,57
2025-02-08,2025-02,2025,2,2025Q1,P021,Ladrillo pandereta unidad,Materiales de construcción,20,1.01,20.2,20.2,0.0,0.82,0.19,3.8,0.1881,900
2025-02-08,2025-02,2025,2,2025Q1,P001,Martillo de acero 16 oz,Herramientas manuales,5,26.29,131.45,131.45,0.0,18.5,7.79,38.95,0.2963,34
2025-02-09,2025-02,2025,2,2025Q1,P002,Alicate universal 8 pulgadas,Herramientas manuales,1,25.14,25.14,25.14,0.0,16.2,8.94,8.94,0.3556,42
2025-02-09,2025-02,2025,2,2025Q1,P002,Alicate universal 8 pulgadas,Herramientas manuales,2,23.71,47.42,47.42,0.0,16.2,7.51,15.02,0.3167,42
2025-02-10,2025-02,2025,2,2025Q1,P056,Anclaje expansivo 3/8 unidad,Tornillería y fijaciones,4,2.83,11.32,11.32,0.0,1.8,1.03,4.12,0.364,110
2025-02-10,2025-02,2025,2,2025Q1,P035,Tomacorriente doble,Electricidad,8,10.89,87.12,87.12,0.0,7.2,3.69,29.52,0.3388,87
2025-02-11,2025-02,2025,2,2025Q1,P036,Cinta aislante negra,Electricidad,1,3.46,3.46,3.46,0.0,2.1,1.36,1.36,0.3931,160
2025-02-11,2025-02,2025,2,2025Q1,P005,Cinta métrica 5 m,Herramientas manuales,1,13.27,13.27,13.27,0.0,8.8,4.47,4.47,0.3369,57
2025-02-11,2025-02,2025,2,2025Q1,P042,Codo PVC 1/2 pulgada,Gasfitería,2,1.61,3.22,3.22,0.0,0.95,0.66,1.32,0.4099,260
2025-02-11,2025-02,2025,2,2025Q1,P031,Lija al agua grano 220,Pinturas,1,1.03,1.03,1.03,0.0,0.55,0.48,0.48,0.466,320
2025-02-11,2025-02,2025,2,2025Q1,P043,Llave esférica 1/2 pulgada,Gasfitería,1,14.14,14.14,14.14,0.0,9.8,4.34,4.34,0.3069,74
2025-02-12,2025-02,2025,2,2025Q1,P017,Cemento bolsa 42.5 kg,Materiales de construcción,3,29.58,88.74,88.74,0.0,24.0,5.58,16.74,0.1886,96
2025-02-12,2025-02,2025,2,2025Q1,P057,Guante de seguridad latex par,Seguridad industrial,5,6.84,34.2,34.2,0.0,4.3,2.54,12.7,0.3713,150
2025-02-12,2025-02,2025,2,2025Q1,P071,Maceta plastica mediana,Jardinería,4,10.43,41.72,41.72,0.0,6.5,3.93,15.72,0.3768,80
2025-02-12,2025-02,2025,2,2025Q1,P019,Pegamento cerámico 25 kg,Materiales de construcción,2,23.45,46.9,46.9,0.0,18.2,5.25,10.5,0.2239,68
2025-02-12,2025-02,2025,2,2025Q1,P051,Tarugo plástico 6 mm ciento,Tornillería y fijaciones,10,5.4,54.0,54.0,0.0,3.1,2.3,23.0,0.4259,180
2025-02-12,2025-02,2025,2,2025Q1,P049,Tornillo drywall 1 pulgada ciento,Tornillería y fijaciones,8,8.35,66.8,66.8,0.0,4.8,3.55,28.4,0.4251,145
2025-02-13,2025-02,2025,2,2025Q1,P018,Arena fina saco 40 kg,Materiales de construcción,8,9.17,73.36,73.36,0.0,7.6,1.57,12.56,0.1712,120
2025-02-13,2025-02,2025,2,2025Q1,P057,Guante de seguridad latex par,Seguridad industrial,5,6.88,34.4,34.4,0.0,4.3,2.58,12.9,0.375,150
2025-02-13,2025-02,2025,2,2025Q1,P065,Manguera reforzada 15 m,Jardinería,2,49.2,98.4,98.4,0.0,34.0,15.2,30.4,0.3089,28
2025-02-13,2025-02,2025,2,2025Q1,P065,Manguera reforzada 15 m,Jardinería,2,47.45,94.9,94.9,0.0,34.0,13.45,26.9,0.2835,28
2025-02-13,2025-02,2025,2,2025Q1,P060,Mascarilla KN95 unidad,Seguridad industrial,4,2.67,10.68,10.68,0.0,1.6,1.07,4.28,0.4007,260
2025-02-13,2025-02,2025,2,2025Q1,P045,Pegamento PVC 1/4 gl,Gasfitería,5,17.02,85.1,85.1,0.0,11.6,5.42,27.1,0.3184,58
2025-02-13,2025-02,2025,2,2025Q1,P035,Tomacorriente doble,Electricidad,15,10.78,161.7,161.7,0.0,7.2,3.58,53.7,0.3321,87
2025-02-13,2025-02,2025,2,2025Q1,P041,Tubo PVC agua 1/2 pulgada,Gasfitería,2,7.66,15.32,15.32,0.0,5.4,2.26,4.52,0.295,130
2025-02-14,2025-02,2025,2,2025Q1,P017,Cemento bolsa 42.5 kg,Materiales de construcción,12,29.93,359.16,359.16,0.0,24.0,5.93,71.16,0.1981,96
2025-02-14,2025-02,2025,2,2025Q1,P052,Perno hexagonal 1/4 ciento,Tornillería y fijaciones,1,18.8,18.8,18.8,0.0,12.5,6.3,6.3,0.3351,58
2025-02-15,2025-02,2025,2,2025Q1,P018,Arena fina saco 40 kg,Materiales de construcción,8,9.44,75.52,75.52,0.0,7.6,1.84,14.72,0.1949,120
2025-02-15,2025-02,2025,2,2025Q1,P017,Cemento bolsa 42.5 kg,Materiales de construcción,15,28.63,429.45,429.45,0.0,24.0,4.63,69.45,0.1617,96
2025-02-15,2025-02,2025,2,2025Q1,P005,Cinta métrica 5 m,Herramientas manuales,3,13.41,40.23,40.23,0.0,8.8,4.61,13.83,0.3438,57
2025-02-15,2025-02,2025,2,2025Q1,P001,Martillo de acero 16 oz,Herramientas manuales,1,27.83,27.83,27.83,0.0,18.5,9.33,9.33,0.3352,34
2025-02-15,2025-02,2025,2,2025Q1,P055,Remache pop 1/8 ciento,Tornillería y fijaciones,5,15.73,78.65,78.65,0.0,9.5,6.23,31.15,0.3961,41
2025-02-15,2025-02,2025,2,2025Q1,P049,Tornillo drywall 1 pulgada ciento,Tornillería y fijaciones,3,8.63,25.89,25.89,0.0,4.8,3.83,11.49,0.4438,145
2025-02-16,2025-02,2025,2,2025Q1,P017,Cemento bolsa 42.5 kg,Materiales de construcción,12,30.49,365.88,365.88,0.0,24.0,6.49,77.88,0.2129,96
2025-02-16,2025-02,2025,2,2025Q1,P057,Guante de seguridad latex par,Seguridad industrial,5,6.87,34.35,34.35,0.0,4.3,2.57,12.85,0.3741,150
2025-02-16,2025-02,2025,2,2025Q1,P054,Tuerca hexagonal 1/4 ciento,Tornillería y fijaciones,4,10.31,41.24,41.24,0.0,6.0,4.31,17.24,0.418,75
2025-02-16,2025-02,2025,2,2025Q1,P047,Válvula check 1/2 pulgada,Gasfitería,4,26.54,106.16,106.16,0.0,18.0,8.54,34.16,0.3218,20
2025-02-17,2025-02,2025,2,2025Q1,P002,Alicate universal 8 pulgadas,Herramientas manuales,2,23.63,47.26,47.26,0.0,16.2,7.43,14.86,0.3144,42
2025-02-17,2025-02,2025,2,2025Q1,P038,Breaker termomagnético 20A,Electricidad,10,34.04,340.4,340.4,0.0,24.0,10.04,100.4,0.2949,36
2025-02-17,2025-02,2025,2,2025Q1,P044,Cinta teflón 12 mm,Gasfitería,10,1.99,19.9,19.9,0.0,1.1,0.89,8.9,0.4472,210
2025-02-17,2025-02,2025,2,2025Q1,P043,Llave esférica 1/2 pulgada,Gasfitería,6,14.05,84.3,84.3,0.0,9.8,4.25,25.5,0.3025,74
2025-02-17,2025-02,2025,2,2025Q1,P043,Llave esférica 1/2 pulgada,Gasfitería,2,15.09,30.18,30.18,0.0,9.8,5.29,10.58,0.3506,74
2025-02-17,2025-02,2025,2,2025Q1,P001,Martillo de acero 16 oz,Herramientas manuales,5,27.3,136.5,136.5,0.0,18.5,8.8,44.0,0.3223,34
2025-02-17,2025-02,2025,2,2025Q1,P051,Tarugo plástico 6 mm ciento,Tornillería y fijaciones,2,5.6,11.2,11.2,0.0,3.1,2.5,5.0,0.4464,180
2025-02-17,2025-02,2025,2,2025Q1,P051,Tarugo plástico 6 mm ciento,Tornillería y fijaciones,4,5.7,22.8,22.8,0.0,3.1,2.6,10.4,0.4561,180
2025-02-17,2025-02,2025,2,2025Q1,P020,Yeso bolsa 20 kg,Materiales de construcción,20,13.45,269.0,269.0,0.0,10.8,2.65,53.0,0.197,55
2025-02-18,2025-02,2025,2,2025Q1,P018,Arena fina saco 40 kg,Materiales de construcción,20,9.69,193.8,193.8,0.0,7.6,2.09,41.8,0.2157,120
2025-02-18,2025-02,2025,2,2025Q1,P017,Cemento bolsa 42.5 kg,Materiales de construcción,8,29.82,238.56,238.56,0.0,24.0,5.82,46.56,0.1952,96
2025-02-18,2025-02,2025,2,2025Q1,P037,Foco LED 9W luz fría,Electricidad,5,7.06,35.3,35.3,0.0,4.8,2.26,11.3,0.3201,140
2025-02-18,2025-02,2025,2,2025Q1,P058,Lente de seguridad transparente,Seguridad industrial,8,9.94,79.52,79.52,0.0,6.4,3.54,28.32,0.3561,95
2025-02-19,2025-02,2025,2,2025Q1,P001,Martillo de acero 16 oz,Herramientas manuales,1,27.36,27.36,27.36,0.0,18.5,8.86,8.86,0.3238,34
2025-02-20,2025-02,2025,2,2025Q1,P017,Cemento bolsa 42.5 kg,Materiales de construcción,2,29.55,59.1,59.1,0.0,24.0,5.55,11.1,0.1878,96
2025-02-20,2025-02,2025,2,2025Q1,P044,Cinta teflón 12 mm,Gasfitería,6,1.96,11.76,11.76,0.0,1.1,0.86,5.16,0.4388,210
2025-02-20,2025-02,2025,2,2025Q1,P052,Perno hexagonal 1/4 ciento,Tornillería y fijaciones,1,19.17,19.17,19.17,0.0,12.5,6.67,6.67,0.3479,58
2025-02-20,2025-02,2025,2,2025Q1,P051,Tarugo plástico 6 mm ciento,Tornillería y fijaciones,1,5.37,5.37,5.37,0.0,3.1,2.27,2.27,0.4227,180
2025-02-21,2025-02,2025,2,2025Q1,P010,Amoladora angular 4.5 pulgadas,Herramientas eléctricas,2,156.05,312.1,312.1,0.0,118.0,38.05,76.1,0.2438,7
2025-02-21,2025-02,2025,2,2025Q1,P014,Rotomartillo SDS Plus,Herramientas eléctricas,1,450.79,450.79,450.79,0.0,335.0,115.79,115.79,0.2569,4
2025-02-21,2025-02,2025,2,2025Q1,P035,Tomacorriente doble,Electricidad,4,10.82,43.28,43.28,0.0,7.2,3.62,14.48,0.3346,87
2025-02-22,2025-02,2025,2,2025Q1,P057,Guante de seguridad latex par,Seguridad industrial,3,6.55,19.65,19.65,0.0,4.3,2.25,6.75,0.3435,150
2025-02-22,2025-02,2025,2,2025Q1,P031,Lija al agua grano 220,Pinturas,2,1.0,2.0,2.0,0.0,0.55,0.45,0.9,0.45,320
2025-02-22,2025-02,2025,2,2025Q1,P025,Pintura látex blanca 1 gl,Pinturas,6,47.13,282.78,282.78,0.0,34.0,13.13,78.78,0.2786,38
2025-02-23,2025-02,2025,2,2025Q1,P010,Amoladora angular 4.5 pulgadas,Herramientas eléctricas,2,152.83,305.66,305.66,0.0,118.0,34.83,69.66,0.2279,7
2025-02-24,2025-02,2025,2,2025Q1,P057,Guante de seguridad latex par,Seguridad industrial,2,6.74,13.48,13.48,0.0,4.3,2.44,4.88,0.362,150
2025-02-24,2025-02,2025,2,2025Q1,P035,Tomacorriente doble,Electricidad,1,11.37,11.37,11.37,0.0,7.2,4.17,4.17,0.3668,87
2025-02-24,2025-02,2025,2,2025Q1,P049,Tornillo drywall 1 pulgada ciento,Tornillería y fijaciones,10,8.37,83.7,83.7,0.0,4.8,3.57,35.7,0.4265,145
2025-02-25,2025-02,2025,2,2025Q1,P033,Cable THW 12 AWG metro,Electricidad,15,3.76,56.4,56.4,0.0,2.4,1.36,20.4,0.3617,420
2025-02-25,2025-02,2025,2,2025Q1,P031,Lija al agua grano 220,Pinturas,6,1.02,6.12,6.12,0.0,0.55,0.47,2.82,0.4608,320
2025-02-25,2025-02,2025,2,2025Q1,P049,Tornillo drywall 1 pulgada ciento,Tornillería y fijaciones,2,8.48,16.96,16.96,0.0,4.8,3.68,7.36,0.434,145
2025-02-26,2025-02,2025,2,2025Q1,P030,Brocha 2 pulgadas,Pinturas,2,7.05,14.1,14.1,0.0,4.2,2.85,5.7,0.4043,100
2025-02-27,2025-02,2025,2,2025Q1,P044,Cinta teflón 12 mm,Gasfitería,5,1.99,9.95,9.95,0.0,1.1,0.89,4.45,0.4472,210
2025-02-27,2025-02,2025,2,2025Q1,P058,Lente de seguridad transparente,Seguridad industrial,8,9.72,77.76,77.76,0.0,6.4,3.32,26.56,0.3416,95
2025-02-27,2025-02,2025,2,2025Q1,P031,Lija al agua grano 220,Pinturas,2,1.05,2.1,2.1,0.0,0.55,0.5,1.0,0.4762,320
2025-02-27,2025-02,2025,2,2025Q1,P001,Martillo de acero 16 oz,Herramientas manuales,1,26.46,26.46,26.46,0.0,18.5,7.96,7.96,0.3008,34
2025-02-27,2025-02,2025,2,2025Q1,P035,Tomacorriente doble,Electricidad,1,11.08,11.08,11.08,0.0,7.2,3.88,3.88,0.3502,87
2025-02-27,2025-02,2025,2,2025Q1,P041,Tubo PVC agua 1/2 pulgada,Gasfitería,10,7.45,74.5,74.5,0.0,5.4,2.05,20.5,0.2752,130
2025-02-27,2025-02,2025,2,2025Q1,P041,Tubo PVC agua 1/2 pulgada,Gasfitería,10,7.48,74.8,74.8,0.0,5.4,2.08,20.8,0.2781,130
2025-02-28,2025-02,2025,2,2025Q1,P033,Cable THW 12 AWG metro,Electricidad,2,3.63,7.26,7.26,0.0,2.4,1.23,2.46,0.3388,420
2025-02-28,2025-02,2025,2,2025Q1,P033,Cable THW 12 AWG metro,Electricidad,2,3.58,7.16,7.16,0.0,2.4,1.18,2.36,0.3296,420
2025-02-28,2025-02,2025,2,2025Q1,P007,Nivel de burbuja 40 cm,Herramientas manuales,3,29.35,88.05,88.05,0.0,19.9,9.45,28.35,0.322,19
2025-02-28,2025-02,2025,2,2025Q1,P041,Tubo PVC agua 1/2 pulgada,Gasfitería,1,7.73,7.73,7.73,0.0,5.4,2.33,2.33,0.3014,130
2025-03-01,2025-03,2025,3,2025Q1,P010,Amoladora angular 4.5 pulgadas,Herramientas eléctricas,1,159.31,159.31,159.31,0.0,118.0,41.31,41.31,0.2593,7
2025-03-01,2025-03,2025,3,2025Q1,P017,Cemento bolsa 42.5 kg,Materiales de construcción,1,29.96,29.96,29.96,0.0,24.0,5.96,5.96,0.1989,96
2025-03-01,2025-03,2025,3,2025Q1,P023,Clavo para madera kg,Materiales de construcción,6,10.33,61.98,61.98,0.0,7.4,2.93,17.58,0.2836,63
2025-03-01,2025-03,2025,3,2025Q1,P071,Maceta plastica mediana,Jardinería,1,10.34,10.34,10.34,0.0,6.5,3.84,3.84,0.3714,80
2025-03-02,2025-03,2025,3,2025Q1,P033,Cable THW 12 AWG metro,Electricidad,3,3.63,10.89,10.89,0.0,2.4,1.23,3.69,0.3388,420
2025-03-02,2025-03,2025,3,2025Q1,P059,Casco de seguridad amarillo,Seguridad industrial,2,23.32,46.64,46.64,0.0,16.5,6.82,13.64,0.2925,32
2025-03-02,2025-03,2025,3,2025Q1,P050,Tornillo autoperforante 3/4 ciento,Tornillería y fijaciones,8,8.72,69.76,69.76,0.0,5.2,3.52,28.16,0.4037,130
2025-03-03,2025-03,2025,3,2025Q1,P017,Cemento bolsa 42.5 kg,Materiales de construcción,2,30.04,60.08,60.08,0.0,24.0,6.04,12.08,0.2011,96
2025-03-03,2025-03,2025,3,2025Q1,P037,Foco LED 9W luz fría,Electricidad,1,7.37,7.37,7.37,0.0,4.8,2.57,2.57,0.3487,140
2025-03-03,2025-03,2025,3,2025Q1,P031,Lija al agua grano 220,Pinturas,2,1.01,2.02,2.02,0.0,0.55,0.46,0.92,0.4554,320
2025-03-04,2025-03,2025,3,2025Q1,P056,Anclaje expansivo 3/8 unidad,Tornillería y fijaciones,4,2.81,11.24,11.24,0.0,1.8,1.01,4.04,0.3594,110
2025-03-04,2025-03,2025,3,2025Q1,P005,Cinta métrica 5 m,Herramientas manuales,2,13.49,26.98,26.98,0.0,8.8,4.69,9.38,0.3477,57
2025-03-04,2025-03,2025,3,2025Q1,P021,Ladrillo pandereta unidad,Materiales de construcción,1,0.99,0.99,0.99,0.0,0.82,0.17,0.17,0.1717,900
2025-03-04,2025-03,2025,3,2025Q1,P001,Martillo de acero 16 oz,Herramientas manuales,2,27.57,55.14,55.14,0.0,18.5,9.07,18.14,0.329,34
2025-03-05,2025-03,2025,3,2025Q1,P045,Pegamento PVC 1/4 gl,Gasfitería,6,16.54,99.24,99.24,0.0,11.6,4.94,29.64,0.2987,58
2025-03-05,2025-03,2025,3,2025Q1,P019,Pegamento cerámico 25 kg,Materiales de construcción,12,22.55,270.6,270.6,0.0,18.2,4.35,52.2,0.1929,68
2025-03-05,2025-03,2025,3,2025Q1,P019,Pegamento cerámico 25 kg,Materiales de construcción,10,23.65,236.5,236.5,0.0,18.2,5.45,54.5,0.2304,68
2025-03-06,2025-03,2025,3,2025Q1,P010,Amoladora angular 4.5 pulgadas,Herramientas eléctricas,1,157.44,157.44,157.44,0.0,118.0,39.44,39.44,0.2505,7
2025-03-07,2025-03,2025,3,2025Q1,P065,Manguera reforzada 15 m,Jardinería,2,46.68,93.36,93.36,0.0,34.0,12.68,25.36,0.2716,28
2025-03-07,2025-03,2025,3,2025Q1,P050,Tornillo autoperforante 3/4 ciento,Tornillería y fijaciones,4,9.14,36.56,36.56,0.0,5.2,3.94,15.76,0.4311,130
2025-03-08,2025-03,2025,3,2025Q1,P055,Remache pop 1/8 ciento,Tornillería y fijaciones,1,15.36,15.36,15.36,0.0,9.5,5.86,5.86,0.3815,41
2025-03-09,2025-03,2025,3,2025Q1,P060,Mascarilla KN95 unidad,Seguridad industrial,4,2.59,10.36,10.36,0.0,1.6,0.99,3.96,0.3822,260
2025-03-10,2025-03,2025,3,2025Q1,P017,Cemento bolsa 42.5 kg,Materiales de construcción,2,28.56,57.12,57.12,0.0,24.0,4.56,9.12,0.1597,96
2025-03-10,2025-03,2025,3,2025Q1,P017,Cemento bolsa 42.5 kg,Materiales de construcción,1,28.52,28.52,28.52,0.0,24.0,4.52,4.52,0.1585,96
2025-03-10,2025-03,2025,3,2025Q1,P031,Lija al agua grano 220,Pinturas,1,1.01,1.01,1.01,0.0,0.55,0.46,0.46,0.4554,320
2025-03-10,2025-03,2025,3,2025Q1,P035,Tomacorriente doble,Electricidad,5,10.75,53.75,53.75,0.0,7.2,3.55,17.75,0.3302,87
2025-03-11,2025-03,2025,3,2025Q1,P033,Cable THW 12 AWG metro,Electricidad,2,3.47,6.94,6.94,0.0,2.4,1.07,2.14,0.3084,420
2025-03-11,2025-03,2025,3,2025Q1,P017,Cemento bolsa 42.5 kg,Materiales de construcción,6,29.58,177.48,177.48,0.0,24.0,5.58,33.48,0.1886,96
2025-03-11,2025-03,2025,3,2025Q1,P023,Clavo para madera kg,Materiales de construcción,10,9.83,98.3,98.3,0.0,7.4,2.43,24.3,0.2472,63
2025-03-11,2025-03,2025,3,2025Q1,P065,Manguera reforzada 15 m,Jardinería,2,49.44,98.88,98.88,0.0,34.0,15.44,30.88,0.3123,28
2025-03-11,2025-03,2025,3,2025Q1,P068,Pala jardinera,Jardinería,2,28.1,56.2,56.2,0.0,19.0,9.1,18.2,0.3238,19
2025-03-11,2025-03,2025,3,2025Q1,P045,Pegamento PVC 1/4 gl,Gasfitería,1,16.67,16.67,16.67,0.0,11.6,5.07,5.07,0.3041,58
2025-03-11,2025-03,2025,3,2025Q1,P029,Rodillo felpa 9 pulgadas,Pinturas,3,15.33,45.99,45.99,0.0,9.7,5.63,16.89,0.3673,62
2025-03-12,2025-03,2025,3,2025Q1,P033,Cable THW 12 AWG metro,Electricidad,15,3.72,55.8,55.8,0.0,2.4,1.32,19.8,0.3548,420
2025-03-12,2025-03,2025,3,2025Q1,P017,Cemento bolsa 42.5 kg,Materiales de construcción,4,30.04,120.16,120.16,0.0,24.0,6.04,24.16,0.2011,96
2025-03-12,2025-03,2025,3,2025Q1,P005,Cinta métrica 5 m,Herramientas manuales,2,13.65,27.3,27.3,0.0,8.8,4.85,9.7,0.3553,57
2025-03-12,2025-03,2025,3,2025Q1,P042,Codo PVC 1/2 pulgada,Gasfitería,10,1.59,15.9,15.9,0.0,0.95,0.64,6.4,0.4025,260
2025-03-12,2025-03,2025,3,2025Q1,P050,Tornillo autoperforante 3/4 ciento,Tornillería y fijaciones,8,9.05,72.4,72.4,0.0,5.2,3.85,30.8,0.4254,130
2025-03-13,2025-03,2025,3,2025Q1,P022,Alambre recocido kg,Materiales de construcción,12,9.03,108.36,108.36,0.0,6.9,2.13,25.56,0.2359,75
2025-03-13,2025-03,2025,3,2025Q1,P036,Cinta aislante negra,Electricidad,10,3.57,35.7,35.7,0.0,2.1,1.47,14.7,0.4118,160
2025-03-13,2025-03,2025,3,2025Q1,P023,Clavo para madera kg,Materiales de construcción,8,9.84,78.72,78.72,0.0,7.4,2.44,19.52,0.248,63
2025-03-13,2025-03,2025,3,2025Q1,P037,Foco LED 9W luz fría,Electricidad,3,7.16,21.48,21.48,0.0,4.8,2.36,7.08,0.3296,140
2025-03-13,2025-03,2025,3,2025Q1,P032,Thinner acrílico 1 L,Pinturas,2,13.43,26.86,26.86,0.0,8.9,4.53,9.06,0.3373,70
2025-03-13,2025-03,2025,3,2025Q1,P046,Trampa lavatorio PVC,Gasfitería,2,12.35,24.7,24.7,0.0,8.5,3.85,7.7,0.3117,44
2025-03-14,2025-03,2025,3,2025Q1,P023,Clavo para madera kg,Materiales de construcción,12,9.84,118.08,118.08,0.0,7.4,2.44,29.28,0.248,63
2025-03-14,2025-03,2025,3,2025Q1,P042,Codo PVC 1/2 pulgada,Gasfitería,2,1.52,3.04,3.04,0.0,0.95,0.57,1.14,0.375,260
2025-03-15,2025-03,2025,3,2025Q1,P044,Cinta teflón 12 mm,Gasfitería,1,2.02,2.02,2.02,0.0,1.1,0.92,0.92,0.4554,210
2025-03-15,2025-03,2025,3,2025Q1,P021,Ladrillo pandereta unidad,Materiales de construcción,5,0.95,4.75,4.75,0.0,0.82,0.13,0.65,0.1368,900
2025-03-15,2025-03,2025,3,2025Q1,P021,Ladrillo pandereta unidad,Materiales de construcción,1,0.95,0.95,0.95,0.0,0.82,0.13,0.13,0.1368,900
2025-03-15,2025-03,2025,3,2025Q1,P008,Llave francesa 10 pulgadas,Herramientas manuales,2,39.59,79.18,79.18,0.0,28.0,11.59,23.18,0.2928,16
2025-03-15,2025-03,2025,3,2025Q1,P060,Mascarilla KN95 unidad,Seguridad industrial,10,2.51,25.1,25.1,0.0,1.6,0.91,9.1,0.3625,260
2025-03-15,2025-03,2025,3,2025Q1,P009,Taladro percutor 650W,Herramientas eléctricas,1,188.07,188.07,188.07,0.0,145.0,43.07,43.07,0.229,9
2025-03-15,2025-03,2025,3,2025Q1,P032,Thinner acrílico 1 L,Pinturas,1,12.45,12.45,12.45,0.0,8.9,3.55,3.55,0.2851,70
2025-03-16,2025-03,2025,3,2025Q1,P036,Cinta aislante negra,Electricidad,10,3.71,37.1,37.1,0.0,2.1,1.61,16.1,0.434,160
2025-03-16,2025-03,2025,3,2025Q1,P021,Ladrillo pandereta unidad,Materiales de construcción,5,1.01,5.05,5.05,0.0,0.82,0.19,0.95,0.1881,900
2025-03-16,2025-03,2025,3,2025Q1,P051,Tarugo plástico 6 mm ciento,Tornillería y fijaciones,1,5.39,5.39,5.39,0.0,3.1,2.29,2.29,0.4249,180
2025-03-17,2025-03,2025,3,2025Q1,P005,Cinta métrica 5 m,Herramientas manuales,3,13.55,40.65,40.65,0.0,8.8,4.75,14.25,0.3506,57
2025-03-17,2025-03,2025,3,2025Q1,P025,Pintura látex blanca 1 gl,Pinturas,2,48.12,96.24,96.24,0.0,34.0,14.12,28.24,0.2934,38
2025-03-17,2025-03,2025,3,2025Q1,P041,Tubo PVC agua 1/2 pulgada,Gasfitería,10,7.57,75.7,75.7,0.0,5.4,2.17,21.7,0.2867,130
2025-03-18,2025-03,2025,3,2025Q1,P036,Cinta aislante negra,Electricidad,10,3.53,35.3,35.3,0.0,2.1,1.43,14.3,0.4051,160
2025-03-18,2025-03,2025,3,2025Q1,P041,Tubo PVC agua 1/2 pulgada,Gasfitería,10,7.7,77.0,77.0,0.0,5.4,2.3,23.0,0.2987,130
2025-03-19,2025-03,2025,3,2025Q1,P033,Cable THW 12 AWG metro,Electricidad,2,3.51,7.02,7.02,0.0,2.4,1.11,2.22,0.3162,420
2025-03-19,2025-03,2025,3,2025Q1,P057,Guante de seguridad latex par,Seguridad industrial,10,6.83,68.3,68.3,0.0,4.3,2.53,25.3,0.3704,150
2025-03-20,2025-03,2025,3,2025Q1,P010,Amoladora angular 4.5 pulgadas,Herramientas eléctricas,1,157.03,157.03,157.03,0.0,118.0,39.03,39.03,0.2486,7
2025-03-20,2025-03,2025,3,2025Q1,P057,Guante de seguridad latex par,Seguridad industrial,4,6.95,27.8,27.8,0.0,4.3,2.65,10.6,0.3813,150
2025-03-21,2025-03,2025,3,2025Q1,P034,Interruptor simple empotrable,Electricidad,1,9.09,9.09,9.09,0.0,5.8,3.29,3.29,0.3619,95
2025-03-21,2025-03,2025,3,2025Q1,P019,Pegamento cerámico 25 kg,Materiales de construcción,10,22.56,225.6,225.6,0.0,18.2,4.36,43.6,0.1933,68
2025-03-21,2025-03,2025,3,2025Q1,P066,Regadera plástica 10 L,Jardinería,5,28.36,141.8,141.8,0.0,18.5,9.86,49.3,0.3477,24
2025-03-22,2025-03,2025,3,2025Q1,P038,Breaker termomagnético 20A,Electricidad,8,33.09,264.72,264.72,0.0,24.0,9.09,72.72,0.2747,36
2025-03-22,2025-03,2025,3,2025Q1,P033,Cable THW 12 AWG metro,Electricidad,2,3.5,7.0,7.0,0.0,2.4,1.1,2.2,0.3143,420
2025-03-22,2025-03,2025,3,2025Q1,P044,Cinta teflón 12 mm,Gasfitería,5,1.94,9.7,9.7,0.0,1.1,0.84,4.2,0.433,210
2025-03-22,2025-03,2025,3,2025Q1,P042,Codo PVC 1/2 pulgada,Gasfitería,10,1.53,15.3,15.3,0.0,0.95,0.58,5.8,0.3791,260
2025-03-22,2025-03,2025,3,2025Q1,P021,Ladrillo pandereta unidad,Materiales de construcción,1,0.96,0.96,0.96,0.0,0.82,0.14,0.14,0.1458,900
2025-03-22,2025-03,2025,3,2025Q1,P001,Martillo de acero 16 oz,Herramientas manuales,2,27.09,54.18,54.18,0.0,18.5,8.59,17.18,0.3171,34
2025-03-22,2025-03,2025,3,2025Q1,P009,Taladro percutor 650W,Herramientas eléctricas,2,188.91,377.82,377.82,0.0,145.0,43.91,87.82,0.2324,9
2025-03-22,2025-03,2025,3,2025Q1,P049,Tornillo drywall 1 pulgada ciento,Tornillería y fijaciones,5,8.37,41.85,41.85,0.0,4.8,3.57,17.85,0.4265,145
2025-03-23,2025-03,2025,3,2025Q1,P044,Cinta teflón 12 mm,Gasfitería,4,1.97,7.88,7.88,0.0,1.1,0.87,3.48,0.4416,210
2025-03-23,2025-03,2025,3,2025Q1,P044,Cinta teflón 12 mm,Gasfitería,6,1.98,11.88,11.88,0.0,1.1,0.88,5.28,0.4444,210
2025-03-23,2025-03,2025,3,2025Q1,P057,Guante de seguridad latex par,Seguridad industrial,1,6.72,6.72,6.72,0.0,4.3,2.42,2.42,0.3601,150
2025-03-24,2025-03,2025,3,2025Q1,P002,Alicate universal 8 pulgadas,Herramientas manuales,2,24.62,49.24,49.24,0.0,16.2,8.42,16.84,0.342,42
2025-03-24,2025-03,2025,3,2025Q1,P002,Alicate universal 8 pulgadas,Herramientas manuales,1,25.37,25.37,25.37,0.0,16.2,9.17,9.17,0.3615,42
2025-03-24,2025-03,2025,3,2025Q1,P028,Base selladora 1 gl,Pinturas,2,38.28,76.56,76.56,0.0,28.5,9.78,19.56,0.2555,28
2025-03-24,2025-03,2025,3,2025Q1,P030,Brocha 2 pulgadas,Pinturas,2,7.3,14.6,14.6,0.0,4.2,3.1,6.2,0.4247,100
2025-03-24,2025-03,2025,3,2025Q1,P061,Chaleco reflectivo,Seguridad industrial,5,17.75,88.75,88.75,0.0,11.8,5.95,29.75,0.3352,45
2025-03-24,2025-03,2025,3,2025Q1,P005,Cinta métrica 5 m,Herramientas manuales,3,13.93,41.79,41.79,0.0,8.8,5.13,15.39,0.3683,57
2025-03-24,2025-03,2025,3,2025Q1,P042,Codo PVC 1/2 pulgada,Gasfitería,1,1.59,1.59,1.59,0.0,0.95,0.64,0.64,0.4025,260
2025-03-24,2025-03,2025,3,2025Q1,P050,Tornillo autoperforante 3/4 ciento,Tornillería y fijaciones,4,9.05,36.2,36.2,0.0,5.2,3.85,15.4,0.4254,130
2025-03-25,2025-03,2025,3,2025Q1,P002,Alicate universal 8 pulgadas,Herramientas manuales,1,24.89,24.89,24.89,0.0,16.2,8.69,8.69,0.3491,42
2025-03-25,2025-03,2025,3,2025Q1,P033,Cable THW 12 AWG metro,Electricidad,1,3.66,3.66,3.66,0.0,2.4,1.26,1.26,0.3443,420
2025-03-25,2025-03,2025,3,2025Q1,P017,Cemento bolsa 42.5 kg,Materiales de construcción,4,29.38,117.52,117.52,0.0,24.0,5.38,21.52,0.1831,96
2025-03-25,2025-03,2025,3,2025Q1,P031,Lija al agua grano 220,Pinturas,1,1.05,1.05,1.05,0.0,0.55,0.5,0.5,0.4762,320
2025-03-26,2025-03,2025,3,2025Q1,P018,Arena fina saco 40 kg,Materiales de construcción,4,9.37,37.48,37.48,0.0,7.6,1.77,7.08,0.1889,120
2025-03-26,2025-03,2025,3,2025Q1,P034,Interruptor simple empotrable,Electricidad,1,9.3,9.3,9.3,0.0,5.8,3.5,3.5,0.3763,95
2025-03-26,2025-03,2025,3,2025Q1,P049,Tornillo drywall 1 pulgada ciento,Tornillería y fijaciones,8,8.13,65.04,65.04,0.0,4.8,3.33,26.64,0.4096,145
2025-03-26,2025-03,2025,3,2025Q1,P046,Trampa lavatorio PVC,Gasfitería,2,12.45,24.9,24.9,0.0,8.5,3.95,7.9,0.3173,44
2025-03-27,2025-03,2025,3,2025Q1,P034,Interruptor simple empotrable,Electricidad,10,9.17,91.7,91.7,0.0,5.8,3.37,33.7,0.3675,95
2025-03-27,2025-03,2025,3,2025Q1,P049,Tornillo drywall 1 pulgada ciento,Tornillería y fijaciones,10,8.61,86.1,86.1,0.0,4.8,3.81,38.1,0.4425,145
2025-03-27,2025-03,2025,3,2025Q1,P049,Tornillo drywall 1 pulgada ciento,Tornillería y fijaciones,8,8.15,65.2,65.2,0.0,4.8,3.35,26.8,0.411,145
2025-03-27,2025-03,2025,3,2025Q1,P041,Tubo PVC agua 1/2 pulgada,Gasfitería,2,7.71,15.42,15.42,0.0,5.4,2.31,4.62,0.2996,130
2025-03-28,2025-03,2025,3,2025Q1,P027,Esmalte sintético negro 1/4 gl,Pinturas,4,26.2,104.8,104.8,0.0,18.0,8.2,32.8,0.313,45
2025-03-29,2025-03,2025,3,2025Q1,P036,Cinta aislante negra,Electricidad,2,3.68,7.36,7.36,0.0,2.1,1.58,3.16,0.4293,160
2025-03-29,2025-03,2025,3,2025Q1,P042,Codo PVC 1/2 pulgada,Gasfitería,2,1.6,3.2,3.2,0.0,0.95,0.65,1.3,0.4062,260
2025-03-29,2025-03,2025,3,2025Q1,P027,Esmalte sintético negro 1/4 gl,Pinturas,6,26.32,157.92,157.92,0.0,18.0,8.32,49.92,0.3161,45
2025-03-29,2025-03,2025,3,2025Q1,P037,Foco LED 9W luz fría,Electricidad,10,6.96,69.6,69.6,0.0,4.8,2.16,21.6,0.3103,140
2025-03-29,2025-03,2025,3,2025Q1,P049,Tornillo drywall 1 pulgada ciento,Tornillería y fijaciones,4,8.12,32.48,32.48,0.0,4.8,3.32,13.28,0.4089,145
2025-03-30,2025-03,2025,3,2025Q1,P017,Cemento bolsa 42.5 kg,Materiales de construcción,4,29.92,119.68,119.68,0.0,24.0,5.92,23.68,0.1979,96
2025-03-30,2025-03,2025,3,2025Q1,P005,Cinta métrica 5 m,Herramientas manuales,5,14.17,70.85,70.85,0.0,8.8,5.37,26.85,0.379,57
2025-03-30,2025-03,2025,3,2025Q1,P009,Taladro percutor 650W,Herramientas eléctricas,3,194.25,582.75,582.75,0.0,145.0,49.25,147.75,0.2535,9
2025-03-30,2025-03,2025,3,2025Q1,P051,Tarugo plástico 6 mm ciento,Tornillería y fijaciones,3,5.71,17.13,17.13,0.0,3.1,2.61,7.83,0.4571,180
2025-03-31,2025-03,2025,3,2025Q1,P002,Alicate universal 8 pulgadas,Herramientas manuales,2,23.5,47.0,47.0,0.0,16.2,7.3,14.6,0.3106,42
2025-03-31,2025-03,2025,3,2025Q1,P005,Cinta métrica 5 m,Herramientas manuales,2,14.21,28.42,28.42,0.0,8.8,5.41,10.82,0.3807,57
2025-03-31,2025-03,2025,3,2025Q1,P021,Ladrillo pandereta unidad,Materiales de construcción,10,0.99,9.9,9.9,0.0,0.82,0.17,1.7,0.1717,900
2025-03-31,2025-03,2025,3,2025Q1,P054,Tuerca hexagonal 1/4 ciento,Tornillería y fijaciones,1,10.24,10.24,10.24,0.0,6.0,4.24,4.24,0.4141,75
2025-04-01,2025-04,2025,4,2025Q2,P033,Cable THW 12 AWG metro,Electricidad,5,3.48,17.4,17.4,0.0,2.4,1.08,5.4,0.3103,420
2025-04-01,2025-04,2025,4,2025Q2,P044,Cinta teflón 12 mm,Gasfitería,4,2.04,8.16,8.16,0.0,1.1,0.94,3.76,0.4608,210
2025-04-01,2025-04,2025,4,2025Q2,P057,Guante de seguridad latex par,Seguridad industrial,3,6.61,19.83,19.83,0.0,4.3,2.31,6.93,0.3495,150
2025-04-01,2025-04,2025,4,2025Q2,P051,Tarugo plástico 6 mm ciento,Tornillería y fijaciones,2,5.42,10.84,10.84,0.0,3.1,2.32,4.64,0.428,180
2025-04-01,2025-04,2025,4,2025Q2,P049,Tornillo drywall 1 pulgada ciento,Tornillería y fijaciones,3,8.51,25.53,25.53,0.0,4.8,3.71,11.13,0.436,145
2025-04-02,2025-04,2025,4,2025Q2,P062,Protector auditivo tipo copa,Seguridad industrial,5,30.38,151.9,151.9,0.0,22.0,8.38,41.9,0.2758,18
2025-04-03,2025-04,2025,4,2025Q2,P002,Alicate universal 8 pulgadas,Herramientas manuales,3,24.09,72.27,72.27,0.0,16.2,7.89,23.67,0.3275,42
2025-04-03,2025-04,2025,4,2025Q2,P051,Tarugo plástico 6 mm ciento,Tornillería y fijaciones,3,5.52,16.56,16.56,0.0,3.1,2.42,7.26,0.4384,180
2025-04-04,2025-04,2025,4,2025Q2,P028,Base selladora 1 gl,Pinturas,1,40.77,40.77,40.77,0.0,28.5,12.27,12.27,0.301,28
2025-04-04,2025-04,2025,4,2025Q2,P030,Brocha 2 pulgadas,Pinturas,4,7.0,28.0,28.0,0.0,4.2,2.8,11.2,0.4,100
2025-04-04,2025-04,2025,4,2025Q2,P033,Cable THW 12 AWG metro,Electricidad,1,3.53,3.53,3.53,0.0,2.4,1.13,1.13,0.3201,420
2025-04-04,2025-04,2025,4,2025Q2,P057,Guante de seguridad latex par,Seguridad industrial,2,6.89,13.78,13.78,0.0,4.3,2.59,5.18,0.3759,150
2025-04-04,2025-04,2025,4,2025Q2,P034,Interruptor simple empotrable,Electricidad,1,9.03,9.03,9.03,0.0,5.8,3.23,3.23,0.3577,95
2025-04-04,2025-04,2025,4,2025Q2,P021,Ladrillo pandereta unidad,Materiales de construcción,3,0.96,2.88,2.88,0.0,0.82,0.14,0.42,0.1458,900
2025-04-04,2025-04,2025,4,2025Q2,P025,Pintura látex blanca 1 gl,Pinturas,3,50.23,150.69,150.69,0.0,34.0,16.23,48.69,0.3231,38
2025-04-05,2025-04,2025,4,2025Q2,P033,Cable THW 12 AWG metro,Electricidad,1,3.6,3.6,3.6,0.0,2.4,1.2,1.2,0.3333,420
2025-04-05,2025-04,2025,4,2025Q2,P021,Ladrillo pandereta unidad,Materiales de construcción,2,1.0,2.0,2.0,0.0,0.82,0.18,0.36,0.18,900
2025-04-05,2025-04,2025,4,2025Q2,P021,Ladrillo pandereta unidad,Materiales de construcción,10,1.02,10.2,10.2,0.0,0.82,0.2,2.0,0.1961,900
2025-04-05,2025-04,2025,4,2025Q2,P031,Lija al agua grano 220,Pinturas,1,1.05,1.05,1.05,0.0,0.55,0.5,0.5,0.4762,320
2025-04-05,2025-04,2025,4,2025Q2,P043,Llave esférica 1/2 pulgada,Gasfitería,3,14.22,42.66,42.66,0.0,9.8,4.42,13.26,0.3108,74
2025-04-05,2025-04,2025,4,2025Q2,P019,Pegamento cerámico 25 kg,Materiales de construcción,20,23.66,473.2,473.2,0.0,18.2,5.46,109.2,0.2308,68
2025-04-06,2025-04,2025,4,2025Q2,P010,Amoladora angular 4.5 pulgadas,Herramientas eléctricas,1,151.63,151.63,151.63,0.0,118.0,33.63,33.63,0.2218,7
2025-04-06,2025-04,2025,4,2025Q2,P031,Lija al agua grano 220,Pinturas,2,1.01,2.02,2.02,0.0,0.55,0.46,0.92,0.4554,320
2025-04-06,2025-04,2025,4,2025Q2,P051,Tarugo plástico 6 mm ciento,Tornillería y fijaciones,5,5.36,26.8,26.8,0.0,3.1,2.26,11.3,0.4216,180
2025-04-07,2025-04,2025,4,2025Q2,P050,Tornillo autoperforante 3/4 ciento,Tornillería y fijaciones,4,8.97,35.88,35.88,0.0,5.2,3.77,15.08,0.4203,130
2025-04-08,2025-04,2025,4,2025Q2,P003,Destornillador plano 6 pulgadas,Herramientas manuales,1,8.61,8.61,8.61,0.0,5.4,3.21,3.21,0.3728,85
2025-04-08,2025-04,2025,4,2025Q2,P020,Yeso bolsa 20 kg,Materiales de construcción,3,14.18,42.54,42.54,0.0,10.8,3.38,10.14,0.2384,55
2025-04-09,2025-04,2025,4,2025Q2,P010,Amoladora angular 4.5 pulgadas,Herramientas eléctricas,2,151.47,302.94,302.94,0.0,118.0,33.47,66.94,0.221,7
2025-04-09,2025-04,2025,4,2025Q2,P017,Cemento bolsa 42.5 kg,Materiales de construcción,6,28.56,171.36,171.36,0.0,24.0,4.56,27.36,0.1597,96
2025-04-09,2025-04,2025,4,2025Q2,P005,Cinta métrica 5 m,Herramientas manuales,2,13.42,26.84,26.84,0.0,8.8,4.62,9.24,0.3443,57
2025-04-09,2025-04,2025,4,2025Q2,P057,Guante de seguridad latex par,Seguridad industrial,1,6.44,6.44,6.44,0.0,4.3,2.14,2.14,0.3323,150
2025-04-09,2025-04,2025,4,2025Q2,P004,Juego de llaves mixtas 8 piezas,Herramientas manuales,5,56.9,284.5,284.5,0.0,42.0,14.9,74.5,0.2619,18
2025-04-09,2025-04,2025,4,2025Q2,P004,Juego de llaves mixtas 8 piezas,Herramientas manuales,5,57.72,288.6,288.6,0.0,42.0,15.72,78.6,0.2723,18
2025-04-09,2025-04,2025,4,2025Q2,P040,Tablero eléctrico 8 polos,Electricidad,4,84.01,336.04,336.04,0.0,62.0,22.01,88.04,0.262,13
2025-04-10,2025-04,2025,4,2025Q2,P039,Canaleta PVC 20x10 mm,Electricidad,3,4.65,13.95,13.95,0.0,3.2,1.45,4.35,0.3118,115
2025-04-10,2025-04,2025,4,2025Q2,P037,Foco LED 9W luz fría,Electricidad,15,7.32,109.8,109.8,0.0,4.8,2.52,37.8,0.3443,140
2025-04-10,2025-04,2025,4,2025Q2,P069,Rastrillo metálico,Jardinería,2,33.92,67.84,67.84,0.0,24.0,9.92,19.84,0.2925,12
2025-04-11,2025-04,2025,4,2025Q2,P037,Foco LED 9W luz fría,Electricidad,3,7.27,21.81,21.81,0.0,4.8,2.47,7.41,0.3398,140
2025-04-11,2025-04,2025,4,2025Q2,P034,Interruptor simple empotrable,Electricidad,3,9.3,27.9,27.9,0.0,5.8,3.5,10.5,0.3763,95
2025-04-11,2025-04,2025,4,2025Q2,P031,Lija al agua grano 220,Pinturas,4,1.02,4.08,4.08,0.0,0.55,0.47,1.88,0.4608,320
2025-04-12,2025-04,2025,4,2025Q2,P005,Cinta métrica 5 m,Herramientas manuales,2,14.06,28.12,28.12,0.0,8.8,5.26,10.52,0.3741,57
2025-04-12,2025-04,2025,4,2025Q2,P070,Fertilizante universal 1 kg,Jardinería,2,14.72,29.44,29.44,0.0,9.8,4.92,9.84,0.3342,52
2025-04-12,2025-04,2025,4,2025Q2,P031,Lija al agua grano 220,Pinturas,3,0.99,2.97,2.97,0.0,0.55,0.44,1.32,0.4444,320
2025-04-12,2025-04,2025,4,2025Q2,P025,Pintura látex blanca 1 gl,Pinturas,1,46.78,46.78,46.78,0.0,34.0,12.78,12.78,0.2732,38
2025-04-13,2025-04,2025,4,2025Q2,P033,Cable THW 12 AWG metro,Electricidad,1,3.55,3.55,3.55,0.0,2.4,1.15,1.15,0.3239,420
2025-04-13,2025-04,2025,4,2025Q2,P039,Canaleta PVC 20x10 mm,Electricidad,2,4.63,9.26,9.26,0.0,3.2,1.43,2.86,0.3089,115
2025-04-13,2025-04,2025,4,2025Q2,P005,Cinta métrica 5 m,Herramientas manuales,5,14.01,70.05,70.05,0.0,8.8,5.21,26.05,0.3719,57
2025-04-13,2025-04,2025,4,2025Q2,P001,Martillo de acero 16 oz,Herramientas manuales,2,26.48,52.96,52.96,0.0,18.5,7.98,15.96,0.3014,34
2025-04-13,2025-04,2025,4,2025Q2,P035,Tomacorriente doble,Electricidad,2,10.65,21.3,21.3,0.0,7.2,3.45,6.9,0.3239,87
2025-04-13,2025-04,2025,4,2025Q2,P035,Tomacorriente doble,Electricidad,4,11.12,44.48,44.48,0.0,7.2,3.92,15.68,0.3525,87
2025-04-14,2025-04,2025,4,2025Q2,P018,Arena fina saco 40 kg,Materiales de construcción,4,9.75,39.0,39.0,0.0,7.6,2.15,8.6,0.2205,120
2025-04-14,2025-04,2025,4,2025Q2,P024,Impermeabilizante 4 L,Materiales de construcción,10,73.86,738.6,738.6,0.0,52.0,21.86,218.6,0.296,24
2025-04-14,2025-04,2025,4,2025Q2,P049,Tornillo drywall 1 pulgada ciento,Tornillería y fijaciones,8,8.5,68.0,68.0,0.0,4.8,3.7,29.6,0.4353,145
2025-04-15,2025-04,2025,4,2025Q2,P009,Taladro percutor 650W,Herramientas eléctricas,1,185.49,185.49,185.49,0.0,145.0,40.49,40.49,0.2183,9
2025-04-15,2025-04,2025,4,2025Q2,P051,Tarugo plástico 6 mm ciento,Tornillería y fijaciones,8,5.67,45.36,45.36,0.0,3.1,2.57,20.56,0.4533,180
2025-04-16,2025-04,2025,4,2025Q2,P022,Alambre recocido kg,Materiales de construcción,4,9.11,36.44,36.44,0.0,6.9,2.21,8.84,0.2426,75
2025-04-16,2025-04,2025,4,2025Q2,P042,Codo PVC 1/2 pulgada,Gasfitería,1,1.63,1.63,1.63,0.0,0.95,0.68,0.68,0.4172,260
2025-04-16,2025-04,2025,4,2025Q2,P042,Codo PVC 1/2 pulgada,Gasfitería,8,1.55,12.4,12.4,0.0,0.95,0.6,4.8,0.3871,260
2025-04-17,2025-04,2025,4,2025Q2,P036,Cinta aislante negra,Electricidad,1,3.58,3.58,3.58,0.0,2.1,1.48,1.48,0.4134,160
2025-04-18,2025-04,2025,4,2025Q2,P017,Cemento bolsa 42.5 kg,Materiales de construcción,4,28.66,114.64,114.64,0.0,24.0,4.66,18.64,0.1626,96
2025-04-18,2025-04,2025,4,2025Q2,P037,Foco LED 9W luz fría,Electricidad,10,6.94,69.4,69.4,0.0,4.8,2.14,21.4,0.3084,140
2025-04-18,2025-04,2025,4,2025Q2,P021,Ladrillo pandereta unidad,Materiales de construcción,6,0.97,5.82,5.82,0.0,0.82,0.15,0.9,0.1546,900
2025-04-19,2025-04,2025,4,2025Q2,P044,Cinta teflón 12 mm,Gasfitería,4,2.04,8.16,8.16,0.0,1.1,0.94,3.76,0.4608,210
2025-04-19,2025-04,2025,4,2025Q2,P037,Foco LED 9W luz fría,Electricidad,5,7.0,35.0,35.0,0.0,4.8,2.2,11.0,0.3143,140
2025-04-19,2025-04,2025,4,2025Q2,P021,Ladrillo pandereta unidad,Materiales de construcción,10,1.02,10.2,10.2,0.0,0.82,0.2,2.0,0.1961,900
2025-04-19,2025-04,2025,4,2025Q2,P009,Taladro percutor 650W,Herramientas eléctricas,1,198.07,198.07,198.07,0.0,145.0,53.07,53.07,0.2679,9
2025-04-20,2025-04,2025,4,2025Q2,P022,Alambre recocido kg,Materiales de construcción,3,9.18,27.54,27.54,0.0,6.9,2.28,6.84,0.2484,75
2025-04-20,2025-04,2025,4,2025Q2,P044,Cinta teflón 12 mm,Gasfitería,2,2.05,4.1,4.1,0.0,1.1,0.95,1.9,0.4634,210
2025-04-20,2025-04,2025,4,2025Q2,P044,Cinta teflón 12 mm,Gasfitería,1,2.02,2.02,2.02,0.0,1.1,0.92,0.92,0.4554,210
2025-04-20,2025-04,2025,4,2025Q2,P045,Pegamento PVC 1/4 gl,Gasfitería,4,17.57,70.28,70.28,0.0,11.6,5.97,23.88,0.3398,58
2025-04-20,2025-04,2025,4,2025Q2,P049,Tornillo drywall 1 pulgada ciento,Tornillería y fijaciones,4,8.16,32.64,32.64,0.0,4.8,3.36,13.44,0.4118,145
2025-04-21,2025-04,2025,4,2025Q2,P010,Amoladora angular 4.5 pulgadas,Herramientas eléctricas,1,154.63,154.63,154.63,0.0,118.0,36.63,36.63,0.2369,7
2025-04-21,2025-04,2025,4,2025Q2,P052,Perno hexagonal 1/4 ciento,Tornillería y fijaciones,1,19.39,19.39,19.39,0.0,12.5,6.89,6.89,0.3553,58
2025-04-21,2025-04,2025,4,2025Q2,P049,Tornillo drywall 1 pulgada ciento,Tornillería y fijaciones,10,8.71,87.1,87.1,0.0,4.8,3.91,39.1,0.4489,145
2025-04-22,2025-04,2025,4,2025Q2,P010,Amoladora angular 4.5 pulgadas,Herramientas eléctricas,1,149.37,149.37,149.37,0.0,118.0,31.37,31.37,0.21,7
2025-04-22,2025-04,2025,4,2025Q2,P052,Perno hexagonal 1/4 ciento,Tornillería y fijaciones,5,19.57,97.85,97.85,0.0,12.5,7.07,35.35,0.3613,58
2025-04-23,2025-04,2025,4,2025Q2,P060,Mascarilla KN95 unidad,Seguridad industrial,10,2.51,25.1,25.1,0.0,1.6,0.91,9.1,0.3625,260
2025-04-23,2025-04,2025,4,2025Q2,P025,Pintura látex blanca 1 gl,Pinturas,4,49.4,197.6,197.6,0.0,34.0,15.4,61.6,0.3117,38
2025-04-24,2025-04,2025,4,2025Q2,P042,Codo PVC 1/2 pulgada,Gasfitería,3,1.57,4.71,4.71,0.0,0.95,0.62,1.86,0.3949,260
2025-04-24,2025-04,2025,4,2025Q2,P003,Destornillador plano 6 pulgadas,Herramientas manuales,1,8.99,8.99,8.99,0.0,5.4,3.59,3.59,0.3993,85
2025-04-24,2025-04,2025,4,2025Q2,P057,Guante de seguridad latex par,Seguridad industrial,5,6.82,34.1,34.1,0.0,4.3,2.52,12.6,0.3695,150
2025-04-24,2025-04,2025,4,2025Q2,P001,Martillo de acero 16 oz,Herramientas manuales,4,27.75,111.0,111.0,0.0,18.5,9.25,37.0,0.3333,34
2025-04-24,2025-04,2025,4,2025Q2,P029,Rodillo felpa 9 pulgadas,Pinturas,6,15.12,90.72,90.72,0.0,9.7,5.42,32.52,0.3585,62
2025-04-24,2025-04,2025,4,2025Q2,P054,Tuerca hexagonal 1/4 ciento,Tornillería y fijaciones,1,10.15,10.15,10.15,0.0,6.0,4.15,4.15,0.4089,75
2025-04-25,2025-04,2025,4,2025Q2,P048,Ducha eléctrica 5500W,Gasfitería,3,91.18,273.54,273.54,0.0,69.0,22.18,66.54,0.2433,10
2025-04-25,2025-04,2025,4,2025Q2,P069,Rastrillo metálico,Jardinería,2,35.56,71.12,71.12,0.0,24.0,11.56,23.12,0.3251,12
2025-04-25,2025-04,2025,4,2025Q2,P020,Yeso bolsa 20 kg,Materiales de construcción,1,13.37,13.37,13.37,0.0,10.8,2.57,2.57,0.1922,55
2025-04-26,2025-04,2025,4,2025Q2,P022,Alambre recocido kg,Materiales de construcción,2,8.96,17.92,17.92,0.0,6.9,2.06,4.12,0.2299,75
2025-04-26,2025-04,2025,4,2025Q2,P017,Cemento bolsa 42.5 kg,Materiales de construcción,8,29.7,237.6,237.6,0.0,24.0,5.7,45.6,0.1919,96
2025-04-26,2025-04,2025,4,2025Q2,P017,Cemento bolsa 42.5 kg,Materiales de construcción,8,30.72,245.76,245.76,0.0,24.0,6.72,53.76,0.2188,96
2025-04-27,2025-04,2025,4,2025Q2,P002,Alicate universal 8 pulgadas,Herramientas manuales,5,24.48,122.4,122.4,0.0,16.2,8.28,41.4,0.3382,42
2025-04-27,2025-04,2025,4,2025Q2,P053,Arandela plana 1/4 ciento,Tornillería y fijaciones,8,6.75,54.0,54.0,0.0,4.1,2.65,21.2,0.3926,92
2025-04-27,2025-04,2025,4,2025Q2,P037,Foco LED 9W luz fría,Electricidad,15,7.06,105.9,105.9,0.0,4.8,2.26,33.9,0.3201,140
2025-04-27,2025-04,2025,4,2025Q2,P021,Ladrillo pandereta unidad,Materiales de construcción,1,0.96,0.96,0.96,0.0,0.82,0.14,0.14,0.1458,900
2025-04-27,2025-04,2025,4,2025Q2,P001,Martillo de acero 16 oz,Herramientas manuales,2,27.16,54.32,54.32,0.0,18.5,8.66,17.32,0.3189,34
2025-04-27,2025-04,2025,4,2025Q2,P050,Tornillo autoperforante 3/4 ciento,Tornillería y fijaciones,5,9.1,45.5,45.5,0.0,5.2,3.9,19.5,0.4286,130
2025-04-27,2025-04,2025,4,2025Q2,P041,Tubo PVC agua 1/2 pulgada,Gasfitería,4,7.67,30.68,30.68,0.0,5.4,2.27,9.08,0.296,130
2025-04-29,2025-04,2025,4,2025Q2,P005,Cinta métrica 5 m,Herramientas manuales,2,13.57,27.14,27.14,0.0,8.8,4.77,9.54,0.3515,57
2025-04-30,2025-04,2025,4,2025Q2,P018,Arena fina saco 40 kg,Materiales de construcción,10,9.48,94.8,94.8,0.0,7.6,1.88,18.8,0.1983,120
2025-04-30,2025-04,2025,4,2025Q2,P017,Cemento bolsa 42.5 kg,Materiales de construcción,15,30.03,450.45,450.45,0.0,24.0,6.03,90.45,0.2008,96
2025-04-30,2025-04,2025,4,2025Q2,P042,Codo PVC 1/2 pulgada,Gasfitería,3,1.58,4.74,4.74,0.0,0.95,0.63,1.89,0.3987,260
2025-04-30,2025-04,2025,4,2025Q2,P029,Rodillo felpa 9 pulgadas,Pinturas,6,15.3,91.8,91.8,0.0,9.7,5.6,33.6,0.366,62
2025-04-30,2025-04,2025,4,2025Q2,P006,Serrucho carpintero 20 pulgadas,Herramientas manuales,5,35.27,176.35,176.35,0.0,24.5,10.77,53.85,0.3054,22
2025-04-30,2025-04,2025,4,2025Q2,P051,Tarugo plástico 6 mm ciento,Tornillería y fijaciones,10,5.68,56.8,56.8,0.0,3.1,2.58,25.8,0.4542,180
2025-05-01,2025-05,2025,5,2025Q2,P018,Arena fina saco 40 kg,Materiales de construcción,20,9.74,194.8,194.8,0.0,7.6,2.14,42.8,0.2197,120
2025-05-01,2025-05,2025,5,2025Q2,P033,Cable THW 12 AWG metro,Electricidad,10,3.67,36.7,36.7,0.0,2.4,1.27,12.7,0.346,420
2025-05-01,2025-05,2025,5,2025Q2,P037,Foco LED 9W luz fría,Electricidad,1,7.3,7.3,7.3,0.0,4.8,2.5,2.5,0.3425,140
2025-05-01,2025-05,2025,5,2025Q2,P049,Tornillo drywall 1 pulgada ciento,Tornillería y fijaciones,1,8.23,8.23,8.23,0.0,4.8,3.43,3.43,0.4168,145
2025-05-01,2025-05,2025,5,2025Q2,P041,Tubo PVC agua 1/2 pulgada,Gasfitería,6,7.7,46.2,46.2,0.0,5.4,2.3,13.8,0.2987,130
2025-05-02,2025-05,2025,5,2025Q2,P002,Alicate universal 8 pulgadas,Herramientas manuales,1,25.1,25.1,25.1,0.0,16.2,8.9,8.9,0.3546,42
2025-05-02,2025-05,2025,5,2025Q2,P005,Cinta métrica 5 m,Herramientas manuales,2,13.67,27.34,27.34,0.0,8.8,4.87,9.74,0.3563,57
2025-05-02,2025-05,2025,5,2025Q2,P004,Juego de llaves mixtas 8 piezas,Herramientas manuales,2,58.62,117.24,117.24,0.0,42.0,16.62,33.24,0.2835,18
2025-05-02,2025-05,2025,5,2025Q2,P019,Pegamento cerámico 25 kg,Materiales de construcción,8,24.15,193.2,193.2,0.0,18.2,5.95,47.6,0.2464,68
2025-05-03,2025-05,2025,5,2025Q2,P017,Cemento bolsa 42.5 kg,Materiales de construcción,1,28.8,28.8,28.8,0.0,24.0,4.8,4.8,0.1667,96
2025-05-03,2025-05,2025,5,2025Q2,P023,Clavo para madera kg,Materiales de construcción,4,9.84,39.36,39.36,0.0,7.4,2.44,9.76,0.248,63
2025-05-03,2025-05,2025,5,2025Q2,P057,Guante de seguridad latex par,Seguridad industrial,3,6.51,19.53,19.53,0.0,4.3,2.21,6.63,0.3395,150
2025-05-03,2025-05,2025,5,2025Q2,P034,Interruptor simple empotrable,Electricidad,2,9.0,18.0,18.0,0.0,5.8,3.2,6.4,0.3556,95
2025-05-03,2025-05,2025,5,2025Q2,P021,Ladrillo pandereta unidad,Materiales de construcción,5,0.97,4.85,4.85,0.0,0.82,0.15,0.75,0.1546,900
2025-05-03,2025-05,2025,5,2025Q2,P058,Lente de seguridad transparente,Seguridad industrial,10,9.54,95.4,95.4,0.0,6.4,3.14,31.4,0.3291,95
2025-05-03,2025-05,2025,5,2025Q2,P007,Nivel de burbuja 40 cm,Herramientas manuales,5,27.99,139.95,139.95,0.0,19.9,8.09,40.45,0.289,19
2025-05-04,2025-05,2025,5,2025Q2,P025,Pintura látex blanca 1 gl,Pinturas,1,49.86,49.86,49.86,0.0,34.0,15.86,15.86,0.3181,38
2025-05-04,2025-05,2025,5,2025Q2,P009,Taladro percutor 650W,Herramientas eléctricas,1,199.45,199.45,199.45,0.0,145.0,54.45,54.45,0.273,9
2025-05-05,2025-05,2025,5,2025Q2,P018,Arena fina saco 40 kg,Materiales de construcción,1,9.82,9.82,9.82,0.0,7.6,2.22,2.22,0.2261,120
2025-05-05,2025-05,2025,5,2025Q2,P017,Cemento bolsa 42.5 kg,Materiales de construcción,20,28.58,571.6,571.6,0.0,24.0,4.58,91.6,0.1603,96
2025-05-05,2025-05,2025,5,2025Q2,P019,Pegamento cerámico 25 kg,Materiales de construcción,6,22.67,136.02,136.02,0.0,18.2,4.47,26.82,0.1972,68
2025-05-05,2025-05,2025,5,2025Q2,P050,Tornillo autoperforante 3/4 ciento,Tornillería y fijaciones,2,9.15,18.3,18.3,0.0,5.2,3.95,7.9,0.4317,130
2025-05-06,2025-05,2025,5,2025Q2,P018,Arena fina saco 40 kg,Materiales de construcción,20,9.54,190.8,190.8,0.0,7.6,1.94,38.8,0.2034,120
2025-05-06,2025-05,2025,5,2025Q2,P036,Cinta aislante negra,Electricidad,5,3.5,17.5,17.5,0.0,2.1,1.4,7.0,0.4,160
2025-05-06,2025-05,2025,5,2025Q2,P012,Lijadora orbital 240W,Herramientas eléctricas,1,133.76,133.76,133.76,0.0,98.0,35.76,35.76,0.2673,11
2025-05-06,2025-05,2025,5,2025Q2,P066,Regadera plástica 10 L,Jardinería,2,26.95,53.9,53.9,0.0,18.5,8.45,16.9,0.3135,24
2025-05-06,2025-05,2025,5,2025Q2,P050,Tornillo autoperforante 3/4 ciento,Tornillería y fijaciones,5,9.18,45.9,45.9,0.0,5.2,3.98,19.9,0.4336,130
2025-05-07,2025-05,2025,5,2025Q2,P025,Pintura látex blanca 1 gl,Pinturas,4,49.57,198.28,198.28,0.0,34.0,15.57,62.28,0.3141,38
2025-05-08,2025-05,2025,5,2025Q2,P017,Cemento bolsa 42.5 kg,Materiales de construcción,10,30.27,302.7,302.7,0.0,24.0,6.27,62.7,0.2071,96
2025-05-08,2025-05,2025,5,2025Q2,P021,Ladrillo pandereta unidad,Materiales de construcción,1,0.96,0.96,0.96,0.0,0.82,0.14,0.14,0.1458,900
2025-05-10,2025-05,2025,5,2025Q2,P013,Atornillador inalámbrico 12V,Herramientas eléctricas,1,181.43,181.43,181.43,0.0,132.0,49.43,49.43,0.2724,8
2025-05-10,2025-05,2025,5,2025Q2,P005,Cinta métrica 5 m,Herramientas manuales,1,13.28,13.28,13.28,0.0,8.8,4.48,4.48,0.3373,57
2025-05-10,2025-05,2025,5,2025Q2,P005,Cinta métrica 5 m,Herramientas manuales,5,14.25,71.25,71.25,0.0,8.8,5.45,27.25,0.3825,57
2025-05-10,2025-05,2025,5,2025Q2,P019,Pegamento cerámico 25 kg,Materiales de construcción,12,24.29,291.48,291.48,0.0,18.2,6.09,73.08,0.2507,68
2025-05-10,2025-05,2025,5,2025Q2,P035,Tomacorriente doble,Electricidad,1,10.94,10.94,10.94,0.0,7.2,3.74,3.74,0.3419,87
2025-05-12,2025-05,2025,5,2025Q2,P017,Cemento bolsa 42.5 kg,Materiales de construcción,5,29.06,145.3,145.3,0.0,24.0,5.06,25.3,0.1741,96
2025-05-12,2025-05,2025,5,2025Q2,P045,Pegamento PVC 1/4 gl,Gasfitería,3,17.43,52.29,52.29,0.0,11.6,5.83,17.49,0.3345,58
2025-05-12,2025-05,2025,5,2025Q2,P041,Tubo PVC agua 1/2 pulgada,Gasfitería,4,7.88,31.52,31.52,0.0,5.4,2.48,9.92,0.3147,130
2025-05-13,2025-05,2025,5,2025Q2,P033,Cable THW 12 AWG metro,Electricidad,2,3.58,7.16,7.16,0.0,2.4,1.18,2.36,0.3296,420
2025-05-13,2025-05,2025,5,2025Q2,P049,Tornillo drywall 1 pulgada ciento,Tornillería y fijaciones,2,8.22,16.44,16.44,0.0,4.8,3.42,6.84,0.4161,145
2025-05-14,2025-05,2025,5,2025Q2,P039,Canaleta PVC 20x10 mm,Electricidad,8,4.54,36.32,36.32,0.0,3.2,1.34,10.72,0.2952,115
2025-05-14,2025-05,2025,5,2025Q2,P017,Cemento bolsa 42.5 kg,Materiales de construcción,12,30.49,365.88,365.88,0.0,24.0,6.49,77.88,0.2129,96
2025-05-14,2025-05,2025,5,2025Q2,P005,Cinta métrica 5 m,Herramientas manuales,2,13.96,27.92,27.92,0.0,8.8,5.16,10.32,0.3696,57
2025-05-14,2025-05,2025,5,2025Q2,P034,Interruptor simple empotrable,Electricidad,4,9.15,36.6,36.6,0.0,5.8,3.35,13.4,0.3661,95
2025-05-14,2025-05,2025,5,2025Q2,P041,Tubo PVC agua 1/2 pulgada,Gasfitería,6,7.48,44.88,44.88,0.0,5.4,2.08,12.48,0.2781,130
2025-05-14,2025-05,2025,5,2025Q2,P041,Tubo PVC agua 1/2 pulgada,Gasfitería,5,7.45,37.25,37.25,0.0,5.4,2.05,10.25,0.2752,130
2025-05-15,2025-05,2025,5,2025Q2,P005,Cinta métrica 5 m,Herramientas manuales,2,13.65,27.3,27.3,0.0,8.8,4.85,9.7,0.3553,57
2025-05-15,2025-05,2025,5,2025Q2,P034,Interruptor simple empotrable,Electricidad,10,8.8,88.0,88.0,0.0,5.8,3.0,30.0,0.3409,95
2025-05-16,2025-05,2025,5,2025Q2,P002,Alicate universal 8 pulgadas,Herramientas manuales,2,24.11,48.22,48.22,0.0,16.2,7.91,15.82,0.3281,42
2025-05-16,2025-05,2025,5,2025Q2,P026,Pintura látex marfil 1 gl,Pinturas,2,46.55,93.1,93.1,0.0,33.5,13.05,26.1,0.2803,31
2025-05-16,2025-05,2025,5,2025Q2,P032,Thinner acrílico 1 L,Pinturas,1,12.93,12.93,12.93,0.0,8.9,4.03,4.03,0.3117,70
2025-05-16,2025-05,2025,5,2025Q2,P049,Tornillo drywall 1 pulgada ciento,Tornillería y fijaciones,10,8.54,85.4,85.4,0.0,4.8,3.74,37.4,0.4379,145
2025-05-17,2025-05,2025,5,2025Q2,P017,Cemento bolsa 42.5 kg,Materiales de construcción,20,29.54,590.8,590.8,0.0,24.0,5.54,110.8,0.1875,96
2025-05-17,2025-05,2025,5,2025Q2,P029,Rodillo felpa 9 pulgadas,Pinturas,1,15.11,15.11,15.11,0.0,9.7,5.41,5.41,0.358,62
2025-05-18,2025-05,2025,5,2025Q2,P044,Cinta teflón 12 mm,Gasfitería,8,1.94,15.52,15.52,0.0,1.1,0.84,6.72,0.433,210
2025-05-18,2025-05,2025,5,2025Q2,P037,Foco LED 9W luz fría,Electricidad,2,7.36,14.72,14.72,0.0,4.8,2.56,5.12,0.3478,140
2025-05-19,2025-05,2025,5,2025Q2,P028,Base selladora 1 gl,Pinturas,1,38.64,38.64,38.64,0.0,28.5,10.14,10.14,0.2624,28
2025-05-20,2025-05,2025,5,2025Q2,P044,Cinta teflón 12 mm,Gasfitería,4,2.02,8.08,8.08,0.0,1.1,0.92,3.68,0.4554,210
2025-05-20,2025-05,2025,5,2025Q2,P044,Cinta teflón 12 mm,Gasfitería,4,1.93,7.72,7.72,0.0,1.1,0.83,3.32,0.4301,210
2025-05-20,2025-05,2025,5,2025Q2,P023,Clavo para madera kg,Materiales de construcción,4,10.06,40.24,40.24,0.0,7.4,2.66,10.64,0.2644,63
2025-05-20,2025-05,2025,5,2025Q2,P042,Codo PVC 1/2 pulgada,Gasfitería,10,1.63,16.3,16.3,0.0,0.95,0.68,6.8,0.4172,260
2025-05-20,2025-05,2025,5,2025Q2,P037,Foco LED 9W luz fría,Electricidad,2,7.35,14.7,14.7,0.0,4.8,2.55,5.1,0.3469,140
2025-05-20,2025-05,2025,5,2025Q2,P034,Interruptor simple empotrable,Electricidad,8,8.86,70.88,70.88,0.0,5.8,3.06,24.48,0.3454,95
2025-05-20,2025-05,2025,5,2025Q2,P019,Pegamento cerámico 25 kg,Materiales de construcción,6,23.27,139.62,139.62,0.0,18.2,5.07,30.42,0.2179,68
2025-05-20,2025-05,2025,5,2025Q2,P025,Pintura látex blanca 1 gl,Pinturas,1,48.89,48.89,48.89,0.0,34.0,14.89,14.89,0.3046,38
2025-05-20,2025-05,2025,5,2025Q2,P049,Tornillo drywall 1 pulgada ciento,Tornillería y fijaciones,1,8.46,8.46,8.46,0.0,4.8,3.66,3.66,0.4326,145
2025-05-21,2025-05,2025,5,2025Q2,P003,Destornillador plano 6 pulgadas,Herramientas manuales,3,9.11,27.33,27.33,0.0,5.4,3.71,11.13,0.4072,85
2025-05-21,2025-05,2025,5,2025Q2,P019,Pegamento cerámico 25 kg,Materiales de construcción,10,23.45,234.5,234.5,0.0,18.2,5.25,52.5,0.2239,68
2025-05-22,2025-05,2025,5,2025Q2,P053,Arandela plana 1/4 ciento,Tornillería y fijaciones,10,6.95,69.5,69.5,0.0,4.1,2.85,28.5,0.4101,92
2025-05-23,2025-05,2025,5,2025Q2,P036,Cinta aislante negra,Electricidad,10,3.66,36.6,36.6,0.0,2.1,1.56,15.6,0.4262,160
2025-05-23,2025-05,2025,5,2025Q2,P057,Guante de seguridad latex par,Seguridad industrial,1,6.89,6.89,6.89,0.0,4.3,2.59,2.59,0.3759,150
2025-05-23,2025-05,2025,5,2025Q2,P057,Guante de seguridad latex par,Seguridad industrial,1,6.63,6.63,6.63,0.0,4.3,2.33,2.33,0.3514,150
2025-05-23,2025-05,2025,5,2025Q2,P034,Interruptor simple empotrable,Electricidad,15,8.72,130.8,130.8,0.0,5.8,2.92,43.8,0.3349,95
2025-05-23,2025-05,2025,5,2025Q2,P021,Ladrillo pandereta unidad,Materiales de construcción,8,0.96,7.68,7.68,0.0,0.82,0.14,1.12,0.1458,900
2025-05-23,2025-05,2025,5,2025Q2,P001,Martillo de acero 16 oz,Herramientas manuales,5,26.82,134.1,134.1,0.0,18.5,8.32,41.6,0.3102,34
2025-05-23,2025-05,2025,5,2025Q2,P019,Pegamento cerámico 25 kg,Materiales de construcción,3,22.81,68.43,68.43,0.0,18.2,4.61,13.83,0.2021,68
2025-05-23,2025-05,2025,5,2025Q2,P009,Taladro percutor 650W,Herramientas eléctricas,3,192.49,577.47,577.47,0.0,145.0,47.49,142.47,0.2467,9
2025-05-24,2025-05,2025,5,2025Q2,P062,Protector auditivo tipo copa,Seguridad industrial,1,32.12,32.12,32.12,0.0,22.0,10.12,10.12,0.3151,18
2025-05-24,2025-05,2025,5,2025Q2,P035,Tomacorriente doble,Electricidad,2,11.21,22.42,22.42,0.0,7.2,4.01,8.02,0.3577,87
2025-05-24,2025-05,2025,5,2025Q2,P041,Tubo PVC agua 1/2 pulgada,Gasfitería,8,7.4,59.2,59.2,0.0,5.4,2.0,16.0,0.2703,130
2025-05-25,2025-05,2025,5,2025Q2,P021,Ladrillo pandereta unidad,Materiales de construcción,2,0.96,1.92,1.92,0.0,0.82,0.14,0.28,0.1458,900
2025-05-26,2025-05,2025,5,2025Q2,P001,Martillo de acero 16 oz,Herramientas manuales,3,26.57,79.71,79.71,0.0,18.5,8.07,24.21,0.3037,34
2025-05-26,2025-05,2025,5,2025Q2,P029,Rodillo felpa 9 pulgadas,Pinturas,2,15.42,30.84,30.84,0.0,9.7,5.72,11.44,0.3709,62
2025-05-26,2025-05,2025,5,2025Q2,P011,Sierra circular 7 1/4 pulgadas,Herramientas eléctricas,1,343.35,343.35,343.35,0.0,265.0,78.35,78.35,0.2282,5
2025-05-27,2025-05,2025,5,2025Q2,P044,Cinta teflón 12 mm,Gasfitería,6,1.97,11.82,11.82,0.0,1.1,0.87,5.22,0.4416,210
2025-05-27,2025-05,2025,5,2025Q2,P050,Tornillo autoperforante 3/4 ciento,Tornillería y fijaciones,2,9.04,18.08,18.08,0.0,5.2,3.84,7.68,0.4248,130
2025-05-28,2025-05,2025,5,2025Q2,P053,Arandela plana 1/4 ciento,Tornillería y fijaciones,4,7.04,28.16,28.16,0.0,4.1,2.94,11.76,0.4176,92
2025-05-28,2025-05,2025,5,2025Q2,P017,Cemento bolsa 42.5 kg,Materiales de construcción,10,29.22,292.2,292.2,0.0,24.0,5.22,52.2,0.1786,96
2025-05-28,2025-05,2025,5,2025Q2,P050,Tornillo autoperforante 3/4 ciento,Tornillería y fijaciones,1,9.29,9.29,9.29,0.0,5.2,4.09,4.09,0.4403,130
2025-05-28,2025-05,2025,5,2025Q2,P054,Tuerca hexagonal 1/4 ciento,Tornillería y fijaciones,10,10.02,100.2,100.2,0.0,6.0,4.02,40.2,0.4012,75
2025-05-29,2025-05,2025,5,2025Q2,P037,Foco LED 9W luz fría,Electricidad,5,7.39,36.95,36.95,0.0,4.8,2.59,12.95,0.3505,140
2025-05-29,2025-05,2025,5,2025Q2,P041,Tubo PVC agua 1/2 pulgada,Gasfitería,4,7.84,31.36,31.36,0.0,5.4,2.44,9.76,0.3112,130
2025-05-30,2025-05,2025,5,2025Q2,P061,Chaleco reflectivo,Seguridad industrial,1,18.08,18.08,18.08,0.0,11.8,6.28,6.28,0.3473,45
2025-05-30,2025-05,2025,5,2025Q2,P021,Ladrillo pandereta unidad,Materiales de construcción,6,1.01,6.06,6.06,0.0,0.82,0.19,1.14,0.1881,900
2025-05-30,2025-05,2025,5,2025Q2,P055,Remache pop 1/8 ciento,Tornillería y fijaciones,4,14.89,59.56,59.56,0.0,9.5,5.39,21.56,0.362,41
2025-05-30,2025-05,2025,5,2025Q2,P050,Tornillo autoperforante 3/4 ciento,Tornillería y fijaciones,2,8.74,17.48,17.48,0.0,5.2,3.54,7.08,0.405,130
2025-05-30,2025-05,2025,5,2025Q2,P054,Tuerca hexagonal 1/4 ciento,Tornillería y fijaciones,8,9.89,79.12,79.12,0.0,6.0,3.89,31.12,0.3933,75
2025-05-31,2025-05,2025,5,2025Q2,P057,Guante de seguridad latex par,Seguridad industrial,4,6.79,27.16,27.16,0.0,4.3,2.49,9.96,0.3667,150
2025-05-31,2025-05,2025,5,2025Q2,P051,Tarugo plástico 6 mm ciento,Tornillería y fijaciones,2,5.51,11.02,11.02,0.0,3.1,2.41,4.82,0.4374,180
2025-06-01,2025-06,2025,6,2025Q2,P029,Rodillo felpa 9 pulgadas,Pinturas,2,15.72,31.44,31.44,0.0,9.7,6.02,12.04,0.383,62
2025-06-02,2025-06,2025,6,2025Q2,P071,Maceta plastica mediana,Jardinería,2,10.6,21.2,21.2,0.0,6.5,4.1,8.2,0.3868,80
2025-06-03,2025-06,2025,6,2025Q2,P018,Arena fina saco 40 kg,Materiales de construcción,6,9.71,58.26,58.26,0.0,7.6,2.11,12.66,0.2173,120
2025-06-03,2025-06,2025,6,2025Q2,P023,Clavo para madera kg,Materiales de construcción,6,9.86,59.16,59.16,0.0,7.4,2.46,14.76,0.2495,63
2025-06-03,2025-06,2025,6,2025Q2,P023,Clavo para madera kg,Materiales de construcción,4,9.58,38.32,38.32,0.0,7.4,2.18,8.72,0.2276,63
2025-06-03,2025-06,2025,6,2025Q2,P004,Juego de llaves mixtas 8 piezas,Herramientas manuales,2,59.44,118.88,118.88,0.0,42.0,17.44,34.88,0.2934,18
2025-06-03,2025-06,2025,6,2025Q2,P025,Pintura látex blanca 1 gl,Pinturas,1,50.01,50.01,50.01,0.0,34.0,16.01,16.01,0.3201,38
2025-06-04,2025-06,2025,6,2025Q2,P002,Alicate universal 8 pulgadas,Herramientas manuales,5,23.98,119.9,119.9,0.0,16.2,7.78,38.9,0.3244,42
2025-06-04,2025-06,2025,6,2025Q2,P023,Clavo para madera kg,Materiales de construcción,20,10.3,206.0,206.0,0.0,7.4,2.9,58.0,0.2816,63
2025-06-05,2025-06,2025,6,2025Q2,P037,Foco LED 9W luz fría,Electricidad,4,7.31,29.24,29.24,0.0,4.8,2.51,10.04,0.3434,140
2025-06-05,2025-06,2025,6,2025Q2,P021,Ladrillo pandereta unidad,Materiales de construcción,2,0.96,1.92,1.92,0.0,0.82,0.14,0.28,0.1458,900
2025-06-05,2025-06,2025,6,2025Q2,P051,Tarugo plástico 6 mm ciento,Tornillería y fijaciones,10,5.68,56.8,56.8,0.0,3.1,2.58,25.8,0.4542,180
2025-06-05,2025-06,2025,6,2025Q2,P041,Tubo PVC agua 1/2 pulgada,Gasfitería,8,7.36,58.88,58.88,0.0,5.4,1.96,15.68,0.2663,130
2025-06-06,2025-06,2025,6,2025Q2,P013,Atornillador inalámbrico 12V,Herramientas eléctricas,2,176.18,352.36,352.36,0.0,132.0,44.18,88.36,0.2508,8
2025-06-06,2025-06,2025,6,2025Q2,P036,Cinta aislante negra,Electricidad,8,3.66,29.28,29.28,0.0,2.1,1.56,12.48,0.4262,160
2025-06-06,2025-06,2025,6,2025Q2,P021,Ladrillo pandereta unidad,Materiales de construcción,2,0.95,1.9,1.9,0.0,0.82,0.13,0.26,0.1368,900
2025-06-06,2025-06,2025,6,2025Q2,P043,Llave esférica 1/2 pulgada,Gasfitería,4,14.15,56.6,56.6,0.0,9.8,4.35,17.4,0.3074,74
2025-06-06,2025-06,2025,6,2025Q2,P041,Tubo PVC agua 1/2 pulgada,Gasfitería,1,7.41,7.41,7.41,0.0,5.4,2.01,2.01,0.2713,130
2025-06-07,2025-06,2025,6,2025Q2,P030,Brocha 2 pulgadas,Pinturas,3,7.23,21.69,21.69,0.0,4.2,3.03,9.09,0.4191,100
2025-06-07,2025-06,2025,6,2025Q2,P044,Cinta teflón 12 mm,Gasfitería,6,1.99,11.94,11.94,0.0,1.1,0.89,5.34,0.4472,210
2025-06-07,2025-06,2025,6,2025Q2,P057,Guante de seguridad latex par,Seguridad industrial,5,6.73,33.65,33.65,0.0,4.3,2.43,12.15,0.3611,150
2025-06-07,2025-06,2025,6,2025Q2,P043,Llave esférica 1/2 pulgada,Gasfitería,6,14.57,87.42,87.42,0.0,9.8,4.77,28.62,0.3274,74
2025-06-07,2025-06,2025,6,2025Q2,P045,Pegamento PVC 1/4 gl,Gasfitería,4,16.83,67.32,67.32,0.0,11.6,5.23,20.92,0.3108,58
2025-06-09,2025-06,2025,6,2025Q2,P003,Destornillador plano 6 pulgadas,Herramientas manuales,3,8.72,26.16,26.16,0.0,5.4,3.32,9.96,0.3807,85
2025-06-09,2025-06,2025,6,2025Q2,P003,Destornillador plano 6 pulgadas,Herramientas manuales,1,9.3,9.3,9.3,0.0,5.4,3.9,3.9,0.4194,85
2025-06-10,2025-06,2025,6,2025Q2,P070,Fertilizante universal 1 kg,Jardinería,1,14.63,14.63,14.63,0.0,9.8,4.83,4.83,0.3301,52
2025-06-10,2025-06,2025,6,2025Q2,P043,Llave esférica 1/2 pulgada,Gasfitería,4,14.65,58.6,58.6,0.0,9.8,4.85,19.4,0.3311,74
2025-06-10,2025-06,2025,6,2025Q2,P001,Martillo de acero 16 oz,Herramientas manuales,1,26.58,26.58,26.58,0.0,18.5,8.08,8.08,0.304,34
2025-06-10,2025-06,2025,6,2025Q2,P054,Tuerca hexagonal 1/4 ciento,Tornillería y fijaciones,2,9.85,19.7,19.7,0.0,6.0,3.85,7.7,0.3909,75
2025-06-11,2025-06,2025,6,2025Q2,P072,Aspersor plástico regulable,Jardinería,5,17.21,86.05,86.05,0.0,12.0,5.21,26.05,0.3027,30
2025-06-11,2025-06,2025,6,2025Q2,P043,Llave esférica 1/2 pulgada,Gasfitería,1,14.89,14.89,14.89,0.0,9.8,5.09,5.09,0.3418,74
2025-06-11,2025-06,2025,6,2025Q2,P025,Pintura látex blanca 1 gl,Pinturas,2,50.21,100.42,100.42,0.0,34.0,16.21,32.42,0.3228,38
2025-06-12,2025-06,2025,6,2025Q2,P036,Cinta aislante negra,Electricidad,1,3.48,3.48,3.48,0.0,2.1,1.38,1.38,0.3966,160
2025-06-12,2025-06,2025,6,2025Q2,P005,Cinta métrica 5 m,Herramientas manuales,4,14.2,56.8,56.8,0.0,8.8,5.4,21.6,0.3803,57
2025-06-12,2025-06,2025,6,2025Q2,P050,Tornillo autoperforante 3/4 ciento,Tornillería y fijaciones,2,8.71,17.42,17.42,0.0,5.2,3.51,7.02,0.403,130
2025-06-13,2025-06,2025,6,2025Q2,P034,Interruptor simple empotrable,Electricidad,3,9.26,27.78,27.78,0.0,5.8,3.46,10.38,0.3737,95
2025-06-13,2025-06,2025,6,2025Q2,P029,Rodillo felpa 9 pulgadas,Pinturas,6,15.75,94.5,94.5,0.0,9.7,6.05,36.3,0.3841,62
2025-06-14,2025-06,2025,6,2025Q2,P061,Chaleco reflectivo,Seguridad industrial,3,16.96,50.88,50.88,0.0,11.8,5.16,15.48,0.3042,45
2025-06-14,2025-06,2025,6,2025Q2,P027,Esmalte sintético negro 1/4 gl,Pinturas,4,26.86,107.44,107.44,0.0,18.0,8.86,35.44,0.3299,45
2025-06-14,2025-06,2025,6,2025Q2,P019,Pegamento cerámico 25 kg,Materiales de construcción,4,22.75,91.0,91.0,0.0,18.2,4.55,18.2,0.2,68
2025-06-14,2025-06,2025,6,2025Q2,P069,Rastrillo metálico,Jardinería,2,33.41,66.82,66.82,0.0,24.0,9.41,18.82,0.2817,12
2025-06-14,2025-06,2025,6,2025Q2,P029,Rodillo felpa 9 pulgadas,Pinturas,1,15.06,15.06,15.06,0.0,9.7,5.36,5.36,0.3559,62
2025-06-15,2025-06,2025,6,2025Q2,P042,Codo PVC 1/2 pulgada,Gasfitería,1,1.54,1.54,1.54,0.0,0.95,0.59,0.59,0.3831,260
2025-06-16,2025-06,2025,6,2025Q2,P060,Mascarilla KN95 unidad,Seguridad industrial,5,2.55,12.75,12.75,0.0,1.6,0.95,4.75,0.3725,260
2025-06-16,2025-06,2025,6,2025Q2,P019,Pegamento cerámico 25 kg,Materiales de construcción,5,24.27,121.35,121.35,0.0,18.2,6.07,30.35,0.2501,68
2025-06-16,2025-06,2025,6,2025Q2,P019,Pegamento cerámico 25 kg,Materiales de construcción,6,23.33,139.98,139.98,0.0,18.2,5.13,30.78,0.2199,68
2025-06-17,2025-06,2025,6,2025Q2,P019,Pegamento cerámico 25 kg,Materiales de construcción,20,23.76,475.2,475.2,0.0,18.2,5.56,111.2,0.234,68
2025-06-17,2025-06,2025,6,2025Q2,P052,Perno hexagonal 1/4 ciento,Tornillería y fijaciones,8,19.22,153.76,153.76,0.0,12.5,6.72,53.76,0.3496,58
2025-06-17,2025-06,2025,6,2025Q2,P050,Tornillo autoperforante 3/4 ciento,Tornillería y fijaciones,8,9.02,72.16,72.16,0.0,5.2,3.82,30.56,0.4235,130
2025-06-17,2025-06,2025,6,2025Q2,P049,Tornillo drywall 1 pulgada ciento,Tornillería y fijaciones,5,8.37,41.85,41.85,0.0,4.8,3.57,17.85,0.4265,145
2025-06-18,2025-06,2025,6,2025Q2,P002,Alicate universal 8 pulgadas,Herramientas manuales,2,24.69,49.38,49.38,0.0,16.2,8.49,16.98,0.3439,42
2025-06-18,2025-06,2025,6,2025Q2,P037,Foco LED 9W luz fría,Electricidad,10,6.93,69.3,69.3,0.0,4.8,2.13,21.3,0.3074,140
2025-06-18,2025-06,2025,6,2025Q2,P034,Interruptor simple empotrable,Electricidad,2,9.19,18.38,18.38,0.0,5.8,3.39,6.78,0.3689,95
2025-06-18,2025-06,2025,6,2025Q2,P062,Protector auditivo tipo copa,Seguridad industrial,8,32.49,259.92,259.92,0.0,22.0,10.49,83.92,0.3229,18
2025-06-19,2025-06,2025,6,2025Q2,P035,Tomacorriente doble,Electricidad,15,11.37,170.55,170.55,0.0,7.2,4.17,62.55,0.3668,87
2025-06-19,2025-06,2025,6,2025Q2,P041,Tubo PVC agua 1/2 pulgada,Gasfitería,2,7.3,14.6,14.6,0.0,5.4,1.9,3.8,0.2603,130
2025-06-19,2025-06,2025,6,2025Q2,P020,Yeso bolsa 20 kg,Materiales de construcción,8,13.83,110.64,110.64,0.0,10.8,3.03,24.24,0.2191,55
2025-06-20,2025-06,2025,6,2025Q2,P036,Cinta aislante negra,Electricidad,10,3.69,36.9,36.9,0.0,2.1,1.59,15.9,0.4309,160
2025-06-20,2025-06,2025,6,2025Q2,P037,Foco LED 9W luz fría,Electricidad,2,6.9,13.8,13.8,0.0,4.8,2.1,4.2,0.3043,140
2025-06-20,2025-06,2025,6,2025Q2,P021,Ladrillo pandereta unidad,Materiales de construcción,3,0.95,2.85,2.85,0.0,0.82,0.13,0.39,0.1368,900
2025-06-20,2025-06,2025,6,2025Q2,P014,Rotomartillo SDS Plus,Herramientas eléctricas,1,446.33,446.33,446.33,0.0,335.0,111.33,111.33,0.2494,4
2025-06-20,2025-06,2025,6,2025Q2,P035,Tomacorriente doble,Electricidad,2,10.88,21.76,21.76,0.0,7.2,3.68,7.36,0.3382,87
2025-06-20,2025-06,2025,6,2025Q2,P041,Tubo PVC agua 1/2 pulgada,Gasfitería,10,7.51,75.1,75.1,0.0,5.4,2.11,21.1,0.281,130
2025-06-21,2025-06,2025,6,2025Q2,P030,Brocha 2 pulgadas,Pinturas,2,7.35,14.7,14.7,0.0,4.2,3.15,6.3,0.4286,100
2025-06-21,2025-06,2025,6,2025Q2,P070,Fertilizante universal 1 kg,Jardinería,3,14.6,43.8,43.8,0.0,9.8,4.8,14.4,0.3288,52
2025-06-21,2025-06,2025,6,2025Q2,P050,Tornillo autoperforante 3/4 ciento,Tornillería y fijaciones,1,9.0,9.0,9.0,0.0,5.2,3.8,3.8,0.4222,130
2025-06-22,2025-06,2025,6,2025Q2,P041,Tubo PVC agua 1/2 pulgada,Gasfitería,10,7.67,76.7,76.7,0.0,5.4,2.27,22.7,0.296,130
2025-06-23,2025-06,2025,6,2025Q2,P061,Chaleco reflectivo,Seguridad industrial,10,17.5,175.0,175.0,0.0,11.8,5.7,57.0,0.3257,45
2025-06-23,2025-06,2025,6,2025Q2,P058,Lente de seguridad transparente,Seguridad industrial,4,10.03,40.12,40.12,0.0,6.4,3.63,14.52,0.3619,95
2025-06-23,2025-06,2025,6,2025Q2,P001,Martillo de acero 16 oz,Herramientas manuales,1,27.64,27.64,27.64,0.0,18.5,9.14,9.14,0.3307,34
2025-06-24,2025-06,2025,6,2025Q2,P017,Cemento bolsa 42.5 kg,Materiales de construcción,3,29.53,88.59,88.59,0.0,24.0,5.53,16.59,0.1873,96
2025-06-24,2025-06,2025,6,2025Q2,P031,Lija al agua grano 220,Pinturas,3,1.03,3.09,3.09,0.0,0.55,0.48,1.44,0.466,320
2025-06-24,2025-06,2025,6,2025Q2,P019,Pegamento cerámico 25 kg,Materiales de construcción,8,22.68,181.44,181.44,0.0,18.2,4.48,35.84,0.1975,68
2025-06-24,2025-06,2025,6,2025Q2,P051,Tarugo plástico 6 mm ciento,Tornillería y fijaciones,5,5.5,27.5,27.5,0.0,3.1,2.4,12.0,0.4364,180
2025-06-25,2025-06,2025,6,2025Q2,P002,Alicate universal 8 pulgadas,Herramientas manuales,1,24.38,24.38,24.38,0.0,16.2,8.18,8.18,0.3355,42
2025-06-25,2025-06,2025,6,2025Q2,P030,Brocha 2 pulgadas,Pinturas,6,7.34,44.04,44.04,0.0,4.2,3.14,18.84,0.4278,100
2025-06-25,2025-06,2025,6,2025Q2,P003,Destornillador plano 6 pulgadas,Herramientas manuales,5,9.28,46.4,46.4,0.0,5.4,3.88,19.4,0.4181,85
2025-06-25,2025-06,2025,6,2025Q2,P021,Ladrillo pandereta unidad,Materiales de construcción,8,0.96,7.68,7.68,0.0,0.82,0.14,1.12,0.1458,900
2025-06-25,2025-06,2025,6,2025Q2,P035,Tomacorriente doble,Electricidad,5,11.01,55.05,55.05,0.0,7.2,3.81,19.05,0.346,87
2025-06-26,2025-06,2025,6,2025Q2,P022,Alambre recocido kg,Materiales de construcción,12,8.68,104.16,104.16,0.0,6.9,1.78,21.36,0.2051,75
2025-06-26,2025-06,2025,6,2025Q2,P010,Amoladora angular 4.5 pulgadas,Herramientas eléctricas,1,158.94,158.94,158.94,0.0,118.0,40.94,40.94,0.2576,7
2025-06-26,2025-06,2025,6,2025Q2,P033,Cable THW 12 AWG metro,Electricidad,8,3.67,29.36,29.36,0.0,2.4,1.27,10.16,0.346,420
2025-06-26,2025-06,2025,6,2025Q2,P003,Destornillador plano 6 pulgadas,Herramientas manuales,1,9.17,9.17,9.17,0.0,5.4,3.77,3.77,0.4111,85
2025-06-26,2025-06,2025,6,2025Q2,P035,Tomacorriente doble,Electricidad,8,11.06,88.48,88.48,0.0,7.2,3.86,30.88,0.349,87
2025-06-27,2025-06,2025,6,2025Q2,P027,Esmalte sintético negro 1/4 gl,Pinturas,2,25.88,51.76,51.76,0.0,18.0,7.88,15.76,0.3045,45
2025-06-27,2025-06,2025,6,2025Q2,P045,Pegamento PVC 1/4 gl,Gasfitería,3,16.26,48.78,48.78,0.0,11.6,4.66,13.98,0.2866,58
2025-06-27,2025-06,2025,6,2025Q2,P041,Tubo PVC agua 1/2 pulgada,Gasfitería,10,7.52,75.2,75.2,0.0,5.4,2.12,21.2,0.2819,130
2025-06-27,2025-06,2025,6,2025Q2,P054,Tuerca hexagonal 1/4 ciento,Tornillería y fijaciones,2,9.85,19.7,19.7,0.0,6.0,3.85,7.7,0.3909,75
2025-06-28,2025-06,2025,6,2025Q2,P022,Alambre recocido kg,Materiales de construcción,6,9.07,54.42,54.42,0.0,6.9,2.17,13.02,0.2393,75
2025-06-28,2025-06,2025,6,2025Q2,P003,Destornillador plano 6 pulgadas,Herramientas manuales,5,9.25,46.25,46.25,0.0,5.4,3.85,19.25,0.4162,85
2025-06-29,2025-06,2025,6,2025Q2,P028,Base selladora 1 gl,Pinturas,1,38.98,38.98,38.98,0.0,28.5,10.48,10.48,0.2689,28
2025-06-29,2025-06,2025,6,2025Q2,P033,Cable THW 12 AWG metro,Electricidad,1,3.49,3.49,3.49,0.0,2.4,1.09,1.09,0.3123,420
2025-06-29,2025-06,2025,6,2025Q2,P017,Cemento bolsa 42.5 kg,Materiales de construcción,20,29.19,583.8,583.8,0.0,24.0,5.19,103.8,0.1778,96
2025-06-29,2025-06,2025,6,2025Q2,P003,Destornillador plano 6 pulgadas,Herramientas manuales,3,9.23,27.69,27.69,0.0,5.4,3.83,11.49,0.415,85
2025-06-29,2025-06,2025,6,2025Q2,P031,Lija al agua grano 220,Pinturas,2,1.0,2.0,2.0,0.0,0.55,0.45,0.9,0.45,320
2025-06-30,2025-06,2025,6,2025Q2,P042,Codo PVC 1/2 pulgada,Gasfitería,2,1.56,3.12,3.12,0.0,0.95,0.61,1.22,0.391,260
2025-06-30,2025-06,2025,6,2025Q2,P021,Ladrillo pandereta unidad,Materiales de construcción,15,0.95,14.25,14.25,0.0,0.82,0.13,1.95,0.1368,900
2025-06-30,2025-06,2025,6,2025Q2,P050,Tornillo autoperforante 3/4 ciento,Tornillería y fijaciones,1,8.91,8.91,8.91,0.0,5.2,3.71,3.71,0.4164,130
2025-06-30,2025-06,2025,6,2025Q2,P020,Yeso bolsa 20 kg,Materiales de construcción,6,14.04,84.24,84.24,0.0,10.8,3.24,19.44,0.2308,55
2025-07-01,2025-07,2025,7,2025Q3,P045,Pegamento PVC 1/4 gl,Gasfitería,1,17.11,17.11,17.11,0.0,11.6,5.51,5.51,0.322,58
2025-07-01,2025-07,2025,7,2025Q3,P029,Rodillo felpa 9 pulgadas,Pinturas,3,15.38,46.14,46.14,0.0,9.7,5.68,17.04,0.3693,62
2025-07-01,2025-07,2025,7,2025Q3,P050,Tornillo autoperforante 3/4 ciento,Tornillería y fijaciones,1,8.9,8.9,8.9,0.0,5.2,3.7,3.7,0.4157,130
2025-07-02,2025-07,2025,7,2025Q3,P059,Casco de seguridad amarillo,Seguridad industrial,2,24.47,48.94,48.94,0.0,16.5,7.97,15.94,0.3257,32
2025-07-02,2025-07,2025,7,2025Q3,P017,Cemento bolsa 42.5 kg,Materiales de construcción,20,30.66,613.2,613.2,0.0,24.0,6.66,133.2,0.2172,96
2025-07-02,2025-07,2025,7,2025Q3,P008,Llave francesa 10 pulgadas,Herramientas manuales,1,39.68,39.68,39.68,0.0,28.0,11.68,11.68,0.2944,16
2025-07-02,2025-07,2025,7,2025Q3,P051,Tarugo plástico 6 mm ciento,Tornillería y fijaciones,1,5.53,5.53,5.53,0.0,3.1,2.43,2.43,0.4394,180
2025-07-03,2025-07,2025,7,2025Q3,P061,Chaleco reflectivo,Seguridad industrial,8,17.37,138.96,138.96,0.0,11.8,5.57,44.56,0.3207,45
2025-07-03,2025-07,2025,7,2025Q3,P037,Foco LED 9W luz fría,Electricidad,10,7.1,71.0,71.0,0.0,4.8,2.3,23.0,0.3239,140
2025-07-04,2025-07,2025,7,2025Q3,P036,Cinta aislante negra,Electricidad,1,3.5,3.5,3.5,0.0,2.1,1.4,1.4,0.4,160
2025-07-04,2025-07,2025,7,2025Q3,P044,Cinta teflón 12 mm,Gasfitería,2,2.06,4.12,4.12,0.0,1.1,0.96,1.92,0.466,210
2025-07-04,2025-07,2025,7,2025Q3,P050,Tornillo autoperforante 3/4 ciento,Tornillería y fijaciones,3,8.64,25.92,25.92,0.0,5.2,3.44,10.32,0.3981,130
2025-07-05,2025-07,2025,7,2025Q3,P029,Rodillo felpa 9 pulgadas,Pinturas,4,15.59,62.36,62.36,0.0,9.7,5.89,23.56,0.3778,62
2025-07-05,2025-07,2025,7,2025Q3,P032,Thinner acrílico 1 L,Pinturas,2,13.31,26.62,26.62,0.0,8.9,4.41,8.82,0.3313,70
2025-07-05,2025-07,2025,7,2025Q3,P050,Tornillo autoperforante 3/4 ciento,Tornillería y fijaciones,2,8.91,17.82,17.82,0.0,5.2,3.71,7.42,0.4164,130
2025-07-06,2025-07,2025,7,2025Q3,P010,Amoladora angular 4.5 pulgadas,Herramientas eléctricas,3,151.54,454.62,454.62,0.0,118.0,33.54,100.62,0.2213,7
2025-07-06,2025-07,2025,7,2025Q3,P037,Foco LED 9W luz fría,Electricidad,2,7.29,14.58,14.58,0.0,4.8,2.49,4.98,0.3416,140
2025-07-06,2025-07,2025,7,2025Q3,P025,Pintura látex blanca 1 gl,Pinturas,1,47.56,47.56,47.56,0.0,34.0,13.56,13.56,0.2851,38
2025-07-07,2025-07,2025,7,2025Q3,P030,Brocha 2 pulgadas,Pinturas,4,7.44,29.76,29.76,0.0,4.2,3.24,12.96,0.4355,100
2025-07-07,2025-07,2025,7,2025Q3,P044,Cinta teflón 12 mm,Gasfitería,1,2.02,2.02,2.02,0.0,1.1,0.92,0.92,0.4554,210
2025-07-07,2025-07,2025,7,2025Q3,P023,Clavo para madera kg,Materiales de construcción,15,10.34,155.1,155.1,0.0,7.4,2.94,44.1,0.2843,63
2025-07-07,2025-07,2025,7,2025Q3,P003,Destornillador plano 6 pulgadas,Herramientas manuales,2,9.05,18.1,18.1,0.0,5.4,3.65,7.3,0.4033,85
2025-07-07,2025-07,2025,7,2025Q3,P034,Interruptor simple empotrable,Electricidad,15,8.89,133.35,133.35,0.0,5.8,3.09,46.35,0.3476,95
2025-07-07,2025-07,2025,7,2025Q3,P045,Pegamento PVC 1/4 gl,Gasfitería,2,17.0,34.0,34.0,0.0,11.6,5.4,10.8,0.3176,58
2025-07-07,2025-07,2025,7,2025Q3,P025,Pintura látex blanca 1 gl,Pinturas,6,48.72,292.32,292.32,0.0,34.0,14.72,88.32,0.3021,38
2025-07-07,2025-07,2025,7,2025Q3,P049,Tornillo drywall 1 pulgada ciento,Tornillería y fijaciones,10,8.4,84.0,84.0,0.0,4.8,3.6,36.0,0.4286,145
2025-07-07,2025-07,2025,7,2025Q3,P049,Tornillo drywall 1 pulgada ciento,Tornillería y fijaciones,2,8.58,17.16,17.16,0.0,4.8,3.78,7.56,0.4406,145
2025-07-08,2025-07,2025,7,2025Q3,P003,Destornillador plano 6 pulgadas,Herramientas manuales,1,8.64,8.64,8.64,0.0,5.4,3.24,3.24,0.375,85
2025-07-08,2025-07,2025,7,2025Q3,P001,Martillo de acero 16 oz,Herramientas manuales,1,27.5,27.5,27.5,0.0,18.5,9.0,9.0,0.3273,34
2025-07-08,2025-07,2025,7,2025Q3,P060,Mascarilla KN95 unidad,Seguridad industrial,2,2.64,5.28,5.28,0.0,1.6,1.04,2.08,0.3939,260
2025-07-08,2025-07,2025,7,2025Q3,P011,Sierra circular 7 1/4 pulgadas,Herramientas eléctricas,1,334.99,334.99,334.99,0.0,265.0,69.99,69.99,0.2089,5
2025-07-09,2025-07,2025,7,2025Q3,P025,Pintura látex blanca 1 gl,Pinturas,2,49.23,98.46,98.46,0.0,34.0,15.23,30.46,0.3094,38
2025-07-09,2025-07,2025,7,2025Q3,P020,Yeso bolsa 20 kg,Materiales de construcción,2,14.11,28.22,28.22,0.0,10.8,3.31,6.62,0.2346,55
2025-07-10,2025-07,2025,7,2025Q3,P064,Arnés de seguridad cuerpo completo,Seguridad industrial,2,202.08,404.16,404.16,0.0,155.0,47.08,94.16,0.233,5
2025-07-10,2025-07,2025,7,2025Q3,P034,Interruptor simple empotrable,Electricidad,5,9.11,45.55,45.55,0.0,5.8,3.31,16.55,0.3633,95
2025-07-10,2025-07,2025,7,2025Q3,P031,Lija al agua grano 220,Pinturas,1,1.04,1.04,1.04,0.0,0.55,0.49,0.49,0.4712,320
2025-07-10,2025-07,2025,7,2025Q3,P031,Lija al agua grano 220,Pinturas,1,1.06,1.06,1.06,0.0,0.55,0.51,0.51,0.4811,320
2025-07-10,2025-07,2025,7,2025Q3,P001,Martillo de acero 16 oz,Herramientas manuales,2,27.74,55.48,55.48,0.0,18.5,9.24,18.48,0.3331,34
2025-07-10,2025-07,2025,7,2025Q3,P060,Mascarilla KN95 unidad,Seguridad industrial,3,2.67,8.01,8.01,0.0,1.6,1.07,3.21,0.4007,260
2025-07-10,2025-07,2025,7,2025Q3,P052,Perno hexagonal 1/4 ciento,Tornillería y fijaciones,8,19.94,159.52,159.52,0.0,12.5,7.44,59.52,0.3731,58
2025-07-10,2025-07,2025,7,2025Q3,P035,Tomacorriente doble,Electricidad,5,10.97,54.85,54.85,0.0,7.2,3.77,18.85,0.3437,87
2025-07-11,2025-07,2025,7,2025Q3,P022,Alambre recocido kg,Materiales de construcción,4,9.25,37.0,37.0,0.0,6.9,2.35,9.4,0.2541,75
2025-07-11,2025-07,2025,7,2025Q3,P048,Ducha eléctrica 5500W,Gasfitería,10,93.99,939.9,939.9,0.0,69.0,24.99,249.9,0.2659,10
2025-07-11,2025-07,2025,7,2025Q3,P057,Guante de seguridad latex par,Seguridad industrial,2,6.54,13.08,13.08,0.0,4.3,2.24,4.48,0.3425,150
2025-07-11,2025-07,2025,7,2025Q3,P021,Ladrillo pandereta unidad,Materiales de construcción,6,0.98,5.88,5.88,0.0,0.82,0.16,0.96,0.1633,900
2025-07-11,2025-07,2025,7,2025Q3,P021,Ladrillo pandereta unidad,Materiales de construcción,15,0.95,14.25,14.25,0.0,0.82,0.13,1.95,0.1368,900
2025-07-11,2025-07,2025,7,2025Q3,P001,Martillo de acero 16 oz,Herramientas manuales,2,26.71,53.42,53.42,0.0,18.5,8.21,16.42,0.3074,34
2025-07-11,2025-07,2025,7,2025Q3,P049,Tornillo drywall 1 pulgada ciento,Tornillería y fijaciones,8,8.67,69.36,69.36,0.0,4.8,3.87,30.96,0.4464,145
2025-07-11,2025-07,2025,7,2025Q3,P049,Tornillo drywall 1 pulgada ciento,Tornillería y fijaciones,1,8.3,8.3,8.3,0.0,4.8,3.5,3.5,0.4217,145
2025-07-12,2025-07,2025,7,2025Q3,P002,Alicate universal 8 pulgadas,Herramientas manuales,4,23.95,95.8,95.8,0.0,16.2,7.75,31.0,0.3236,42
2025-07-12,2025-07,2025,7,2025Q3,P033,Cable THW 12 AWG metro,Electricidad,2,3.65,7.3,7.3,0.0,2.4,1.25,2.5,0.3425,420
2025-07-12,2025-07,2025,7,2025Q3,P003,Destornillador plano 6 pulgadas,Herramientas manuales,1,8.64,8.64,8.64,0.0,5.4,3.24,3.24,0.375,85
2025-07-12,2025-07,2025,7,2025Q3,P001,Martillo de acero 16 oz,Herramientas manuales,5,27.68,138.4,138.4,0.0,18.5,9.18,45.9,0.3316,34
2025-07-13,2025-07,2025,7,2025Q3,P022,Alambre recocido kg,Materiales de construcción,10,9.09,90.9,90.9,0.0,6.9,2.19,21.9,0.2409,75
2025-07-13,2025-07,2025,7,2025Q3,P057,Guante de seguridad latex par,Seguridad industrial,2,6.64,13.28,13.28,0.0,4.3,2.34,4.68,0.3524,150
2025-07-13,2025-07,2025,7,2025Q3,P031,Lija al agua grano 220,Pinturas,2,1.06,2.12,2.12,0.0,0.55,0.51,1.02,0.4811,320
2025-07-13,2025-07,2025,7,2025Q3,P001,Martillo de acero 16 oz,Herramientas manuales,1,26.01,26.01,26.01,0.0,18.5,7.51,7.51,0.2887,34
2025-07-14,2025-07,2025,7,2025Q3,P005,Cinta métrica 5 m,Herramientas manuales,3,13.41,40.23,40.23,0.0,8.8,4.61,13.83,0.3438,57
2025-07-14,2025-07,2025,7,2025Q3,P041,Tubo PVC agua 1/2 pulgada,Gasfitería,8,7.67,61.36,61.36,0.0,5.4,2.27,18.16,0.296,130
2025-07-15,2025-07,2025,7,2025Q3,P033,Cable THW 12 AWG metro,Electricidad,1,3.54,3.54,3.54,0.0,2.4,1.14,1.14,0.322,420
2025-07-15,2025-07,2025,7,2025Q3,P017,Cemento bolsa 42.5 kg,Materiales de construcción,5,30.59,152.95,152.95,0.0,24.0,6.59,32.95,0.2154,96
2025-07-15,2025-07,2025,7,2025Q3,P017,Cemento bolsa 42.5 kg,Materiales de construcción,3,30.52,91.56,91.56,0.0,24.0,6.52,19.56,0.2136,96
2025-07-15,2025-07,2025,7,2025Q3,P054,Tuerca hexagonal 1/4 ciento,Tornillería y fijaciones,1,9.7,9.7,9.7,0.0,6.0,3.7,3.7,0.3814,75
2025-07-16,2025-07,2025,7,2025Q3,P003,Destornillador plano 6 pulgadas,Herramientas manuales,1,9.26,9.26,9.26,0.0,5.4,3.86,3.86,0.4168,85
2025-07-16,2025-07,2025,7,2025Q3,P037,Foco LED 9W luz fría,Electricidad,2,7.24,14.48,14.48,0.0,4.8,2.44,4.88,0.337,140
2025-07-16,2025-07,2025,7,2025Q3,P058,Lente de seguridad transparente,Seguridad industrial,5,9.52,47.6,47.6,0.0,6.4,3.12,15.6,0.3277,95
2025-07-16,2025-07,2025,7,2025Q3,P019,Pegamento cerámico 25 kg,Materiales de construcción,1,24.1,24.1,24.1,0.0,18.2,5.9,5.9,0.2448,68
2025-07-16,2025-07,2025,7,2025Q3,P035,Tomacorriente doble,Electricidad,8,11.38,91.04,91.04,0.0,7.2,4.18,33.44,0.3673,87
2025-07-16,2025-07,2025,7,2025Q3,P035,Tomacorriente doble,Electricidad,1,11.04,11.04,11.04,0.0,7.2,3.84,3.84,0.3478,87
2025-07-17,2025-07,2025,7,2025Q3,P053,Arandela plana 1/4 ciento,Tornillería y fijaciones,5,6.77,33.85,33.85,0.0,4.1,2.67,13.35,0.3944,92
2025-07-17,2025-07,2025,7,2025Q3,P060,Mascarilla KN95 unidad,Seguridad industrial,8,2.5,20.0,20.0,0.0,1.6,0.9,7.2,0.36,260
2025-07-17,2025-07,2025,7,2025Q3,P029,Rodillo felpa 9 pulgadas,Pinturas,6,16.15,96.9,96.9,0.0,9.7,6.45,38.7,0.3994,62
2025-07-17,2025-07,2025,7,2025Q3,P051,Tarugo plástico 6 mm ciento,Tornillería y fijaciones,1,5.37,5.37,5.37,0.0,3.1,2.27,2.27,0.4227,180
2025-07-17,2025-07,2025,7,2025Q3,P049,Tornillo drywall 1 pulgada ciento,Tornillería y fijaciones,5,8.25,41.25,41.25,0.0,4.8,3.45,17.25,0.4182,145
2025-07-18,2025-07,2025,7,2025Q3,P042,Codo PVC 1/2 pulgada,Gasfitería,2,1.64,3.28,3.28,0.0,0.95,0.69,1.38,0.4207,260
2025-07-19,2025-07,2025,7,2025Q3,P034,Interruptor simple empotrable,Electricidad,2,8.88,17.76,17.76,0.0,5.8,3.08,6.16,0.3468,95
2025-07-19,2025-07,2025,7,2025Q3,P035,Tomacorriente doble,Electricidad,3,10.98,32.94,32.94,0.0,7.2,3.78,11.34,0.3443,87
2025-07-20,2025-07,2025,7,2025Q3,P022,Alambre recocido kg,Materiales de construcción,8,8.69,69.52,69.52,0.0,6.9,1.79,14.32,0.206,75
2025-07-20,2025-07,2025,7,2025Q3,P022,Alambre recocido kg,Materiales de construcción,8,9.26,74.08,74.08,0.0,6.9,2.36,18.88,0.2549,75
2025-07-20,2025-07,2025,7,2025Q3,P036,Cinta aislante negra,Electricidad,15,3.49,52.35,52.35,0.0,2.1,1.39,20.85,0.3983,160
2025-07-20,2025-07,2025,7,2025Q3,P023,Clavo para madera kg,Materiales de construcción,20,9.67,193.4,193.4,0.0,7.4,2.27,45.4,0.2347,63
2025-07-20,2025-07,2025,7,2025Q3,P035,Tomacorriente doble,Electricidad,3,11.22,33.66,33.66,0.0,7.2,4.02,12.06,0.3583,87
2025-07-20,2025-07,2025,7,2025Q3,P050,Tornillo autoperforante 3/4 ciento,Tornillería y fijaciones,2,8.87,17.74,17.74,0.0,5.2,3.67,7.34,0.4138,130
2025-07-21,2025-07,2025,7,2025Q3,P033,Cable THW 12 AWG metro,Electricidad,15,3.75,56.25,56.25,0.0,2.4,1.35,20.25,0.36,420
2025-07-21,2025-07,2025,7,2025Q3,P039,Canaleta PVC 20x10 mm,Electricidad,15,4.59,68.85,68.85,0.0,3.2,1.39,20.85,0.3028,115
2025-07-21,2025-07,2025,7,2025Q3,P065,Manguera reforzada 15 m,Jardinería,1,48.39,48.39,48.39,0.0,34.0,14.39,14.39,0.2974,28
2025-07-22,2025-07,2025,7,2025Q3,P034,Interruptor simple empotrable,Electricidad,1,8.76,8.76,8.76,0.0,5.8,2.96,2.96,0.3379,95
2025-07-22,2025-07,2025,7,2025Q3,P004,Juego de llaves mixtas 8 piezas,Herramientas manuales,1,58.35,58.35,58.35,0.0,42.0,16.35,16.35,0.2802,18
2025-07-22,2025-07,2025,7,2025Q3,P021,Ladrillo pandereta unidad,Materiales de construcción,2,0.95,1.9,1.9,0.0,0.82,0.13,0.26,0.1368,900
2025-07-22,2025-07,2025,7,2025Q3,P029,Rodillo felpa 9 pulgadas,Pinturas,3,15.45,46.35,46.35,0.0,9.7,5.75,17.25,0.3722,62
2025-07-22,2025-07,2025,7,2025Q3,P051,Tarugo plástico 6 mm ciento,Tornillería y fijaciones,1,5.71,5.71,5.71,0.0,3.1,2.61,2.61,0.4571,180
2025-07-23,2025-07,2025,7,2025Q3,P017,Cemento bolsa 42.5 kg,Materiales de construcción,2,28.51,57.02,57.02,0.0,24.0,4.51,9.02,0.1582,96
2025-07-23,2025-07,2025,7,2025Q3,P032,Thinner acrílico 1 L,Pinturas,1,13.35,13.35,13.35,0.0,8.9,4.45,4.45,0.3333,70
2025-07-23,2025-07,2025,7,2025Q3,P049,Tornillo drywall 1 pulgada ciento,Tornillería y fijaciones,4,8.66,34.64,34.64,0.0,4.8,3.86,15.44,0.4457,145
2025-07-24,2025-07,2025,7,2025Q3,P036,Cinta aislante negra,Electricidad,10,3.54,35.4,35.4,0.0,2.1,1.44,14.4,0.4068,160
2025-07-24,2025-07,2025,7,2025Q3,P043,Llave esférica 1/2 pulgada,Gasfitería,8,14.14,113.12,113.12,0.0,9.8,4.34,34.72,0.3069,74
2025-07-24,2025-07,2025,7,2025Q3,P050,Tornillo autoperforante 3/4 ciento,Tornillería y fijaciones,3,9.18,27.54,27.54,0.0,5.2,3.98,11.94,0.4336,130
2025-07-25,2025-07,2025,7,2025Q3,P017,Cemento bolsa 42.5 kg,Materiales de construcción,20,29.95,599.0,599.0,0.0,24.0,5.95,119.0,0.1987,96
2025-07-25,2025-07,2025,7,2025Q3,P036,Cinta aislante negra,Electricidad,2,3.59,7.18,7.18,0.0,2.1,1.49,2.98,0.415,160
2025-07-25,2025-07,2025,7,2025Q3,P037,Foco LED 9W luz fría,Electricidad,4,7.37,29.48,29.48,0.0,4.8,2.57,10.28,0.3487,140
2025-07-25,2025-07,2025,7,2025Q3,P004,Juego de llaves mixtas 8 piezas,Herramientas manuales,3,57.01,171.03,171.03,0.0,42.0,15.01,45.03,0.2633,18
2025-07-25,2025-07,2025,7,2025Q3,P058,Lente de seguridad transparente,Seguridad industrial,1,9.49,9.49,9.49,0.0,6.4,3.09,3.09,0.3256,95
2025-07-25,2025-07,2025,7,2025Q3,P051,Tarugo plástico 6 mm ciento,Tornillería y fijaciones,2,5.47,10.94,10.94,0.0,3.1,2.37,4.74,0.4333,180
2025-07-25,2025-07,2025,7,2025Q3,P032,Thinner acrílico 1 L,Pinturas,1,12.95,12.95,12.95,0.0,8.9,4.05,4.05,0.3127,70
2025-07-26,2025-07,2025,7,2025Q3,P002,Alicate universal 8 pulgadas,Herramientas manuales,4,23.55,94.2,94.2,0.0,16.2,7.35,29.4,0.3121,42
2025-07-26,2025-07,2025,7,2025Q3,P061,Chaleco reflectivo,Seguridad industrial,10,17.79,177.9,177.9,0.0,11.8,5.99,59.9,0.3367,45
2025-07-26,2025-07,2025,7,2025Q3,P044,Cinta teflón 12 mm,Gasfitería,8,2.02,16.16,16.16,0.0,1.1,0.92,7.36,0.4554,210
2025-07-26,2025-07,2025,7,2025Q3,P003,Destornillador plano 6 pulgadas,Herramientas manuales,1,8.73,8.73,8.73,0.0,5.4,3.33,3.33,0.3814,85
2025-07-26,2025-07,2025,7,2025Q3,P024,Impermeabilizante 4 L,Materiales de construcción,1,73.51,73.51,73.51,0.0,52.0,21.51,21.51,0.2926,24
2025-07-26,2025-07,2025,7,2025Q3,P034,Interruptor simple empotrable,Electricidad,3,8.77,26.31,26.31,0.0,5.8,2.97,8.91,0.3387,95
2025-07-26,2025-07,2025,7,2025Q3,P043,Llave esférica 1/2 pulgada,Gasfitería,5,14.25,71.25,71.25,0.0,9.8,4.45,22.25,0.3123,74
2025-07-27,2025-07,2025,7,2025Q3,P018,Arena fina saco 40 kg,Materiales de construcción,20,9.32,186.4,186.4,0.0,7.6,1.72,34.4,0.1845,120
2025-07-27,2025-07,2025,7,2025Q3,P031,Lija al agua grano 220,Pinturas,1,1.02,1.02,1.02,0.0,0.55,0.47,0.47,0.4608,320
2025-07-27,2025-07,2025,7,2025Q3,P045,Pegamento PVC 1/4 gl,Gasfitería,4,16.91,67.64,67.64,0.0,11.6,5.31,21.24,0.314,58
2025-07-27,2025-07,2025,7,2025Q3,P051,Tarugo plástico 6 mm ciento,Tornillería y fijaciones,1,5.36,5.36,5.36,0.0,3.1,2.26,2.26,0.4216,180
2025-07-28,2025-07,2025,7,2025Q3,P050,Tornillo autoperforante 3/4 ciento,Tornillería y fijaciones,1,9.14,9.14,9.14,0.0,5.2,3.94,3.94,0.4311,130
2025-07-29,2025-07,2025,7,2025Q3,P021,Ladrillo pandereta unidad,Materiales de construcción,1,1.01,1.01,1.01,0.0,0.82,0.19,0.19,0.1881,900
2025-07-29,2025-07,2025,7,2025Q3,P043,Llave esférica 1/2 pulgada,Gasfitería,5,14.09,70.45,70.45,0.0,9.8,4.29,21.45,0.3045,74
2025-07-29,2025-07,2025,7,2025Q3,P019,Pegamento cerámico 25 kg,Materiales de construcción,8,22.88,183.04,183.04,0.0,18.2,4.68,37.44,0.2045,68
2025-07-29,2025-07,2025,7,2025Q3,P025,Pintura látex blanca 1 gl,Pinturas,4,50.33,201.32,201.32,0.0,34.0,16.33,65.32,0.3245,38
2025-07-29,2025-07,2025,7,2025Q3,P006,Serrucho carpintero 20 pulgadas,Herramientas manuales,4,35.89,143.56,143.56,0.0,24.5,11.39,45.56,0.3174,22
2025-07-30,2025-07,2025,7,2025Q3,P013,Atornillador inalámbrico 12V,Herramientas eléctricas,1,181.4,181.4,181.4,0.0,132.0,49.4,49.4,0.2723,8
2025-07-30,2025-07,2025,7,2025Q3,P033,Cable THW 12 AWG metro,Electricidad,8,3.53,28.24,28.24,0.0,2.4,1.13,9.04,0.3201,420
2025-07-30,2025-07,2025,7,2025Q3,P034,Interruptor simple empotrable,Electricidad,2,9.32,18.64,18.64,0.0,5.8,3.52,7.04,0.3777,95
2025-07-30,2025-07,2025,7,2025Q3,P049,Tornillo drywall 1 pulgada ciento,Tornillería y fijaciones,1,8.65,8.65,8.65,0.0,4.8,3.85,3.85,0.4451,145
2025-07-31,2025-07,2025,7,2025Q3,P036,Cinta aislante negra,Electricidad,8,3.64,29.12,29.12,0.0,2.1,1.54,12.32,0.4231,160
2025-07-31,2025-07,2025,7,2025Q3,P003,Destornillador plano 6 pulgadas,Herramientas manuales,3,9.04,27.12,27.12,0.0,5.4,3.64,10.92,0.4027,85
2025-07-31,2025-07,2025,7,2025Q3,P031,Lija al agua grano 220,Pinturas,1,1.03,1.03,1.03,0.0,0.55,0.48,0.48,0.466,320
2025-07-31,2025-07,2025,7,2025Q3,P052,Perno hexagonal 1/4 ciento,Tornillería y fijaciones,1,20.16,20.16,20.16,0.0,12.5,7.66,7.66,0.38,58
2025-08-01,2025-08,2025,8,2025Q3,P003,Destornillador plano 6 pulgadas,Herramientas manuales,1,9.13,9.13,9.13,0.0,5.4,3.73,3.73,0.4085,85
2025-08-01,2025-08,2025,8,2025Q3,P050,Tornillo autoperforante 3/4 ciento,Tornillería y fijaciones,2,8.95,17.9,17.9,0.0,5.2,3.75,7.5,0.419,130
2025-08-02,2025-08,2025,8,2025Q3,P058,Lente de seguridad transparente,Seguridad industrial,3,9.88,29.64,29.64,0.0,6.4,3.48,10.44,0.3522,95
2025-08-02,2025-08,2025,8,2025Q3,P008,Llave francesa 10 pulgadas,Herramientas manuales,5,39.28,196.4,196.4,0.0,28.0,11.28,56.4,0.2872,16
2025-08-02,2025-08,2025,8,2025Q3,P019,Pegamento cerámico 25 kg,Materiales de construcción,2,22.95,45.9,45.9,0.0,18.2,4.75,9.5,0.207,68
2025-08-02,2025-08,2025,8,2025Q3,P041,Tubo PVC agua 1/2 pulgada,Gasfitería,6,7.63,45.78,45.78,0.0,5.4,2.23,13.38,0.2923,130
2025-08-03,2025-08,2025,8,2025Q3,P037,Foco LED 9W luz fría,Electricidad,5,7.12,35.6,35.6,0.0,4.8,2.32,11.6,0.3258,140
2025-08-03,2025-08,2025,8,2025Q3,P001,Martillo de acero 16 oz,Herramientas manuales,1,26.3,26.3,26.3,0.0,18.5,7.8,7.8,0.2966,34
2025-08-04,2025-08,2025,8,2025Q3,P036,Cinta aislante negra,Electricidad,1,3.71,3.71,3.71,0.0,2.1,1.61,1.61,0.434,160
2025-08-04,2025-08,2025,8,2025Q3,P026,Pintura látex marfil 1 gl,Pinturas,3,46.27,138.81,138.81,0.0,33.5,12.77,38.31,0.276,31
2025-08-04,2025-08,2025,8,2025Q3,P050,Tornillo autoperforante 3/4 ciento,Tornillería y fijaciones,2,8.75,17.5,17.5,0.0,5.2,3.55,7.1,0.4057,130
2025-08-05,2025-08,2025,8,2025Q3,P053,Arandela plana 1/4 ciento,Tornillería y fijaciones,1,6.79,6.79,6.79,0.0,4.1,2.69,2.69,0.3962,92
2025-08-05,2025-08,2025,8,2025Q3,P036,Cinta aislante negra,Electricidad,1,3.7,3.7,3.7,0.0,2.1,1.6,1.6,0.4324,160
2025-08-05,2025-08,2025,8,2025Q3,P043,Llave esférica 1/2 pulgada,Gasfitería,5,13.99,69.95,69.95,0.0,9.8,4.19,20.95,0.2995,74
2025-08-05,2025-08,2025,8,2025Q3,P007,Nivel de burbuja 40 cm,Herramientas manuales,1,28.06,28.06,28.06,0.0,19.9,8.16,8.16,0.2908,19
2025-08-06,2025-08,2025,8,2025Q3,P030,Brocha 2 pulgadas,Pinturas,1,7.27,7.27,7.27,0.0,4.2,3.07,3.07,0.4223,100
2025-08-06,2025-08,2025,8,2025Q3,P033,Cable THW 12 AWG metro,Electricidad,4,3.61,14.44,14.44,0.0,2.4,1.21,4.84,0.3352,420
2025-08-06,2025-08,2025,8,2025Q3,P033,Cable THW 12 AWG metro,Electricidad,1,3.53,3.53,3.53,0.0,2.4,1.13,1.13,0.3201,420
2025-08-06,2025-08,2025,8,2025Q3,P017,Cemento bolsa 42.5 kg,Materiales de construcción,2,28.5,57.0,57.0,0.0,24.0,4.5,9.0,0.1579,96
2025-08-06,2025-08,2025,8,2025Q3,P017,Cemento bolsa 42.5 kg,Materiales de construcción,12,30.26,363.12,363.12,0.0,24.0,6.26,75.12,0.2069,96
2025-08-06,2025-08,2025,8,2025Q3,P044,Cinta teflón 12 mm,Gasfitería,5,2.03,10.15,10.15,0.0,1.1,0.93,4.65,0.4581,210
2025-08-06,2025-08,2025,8,2025Q3,P021,Ladrillo pandereta unidad,Materiales de construcción,6,1.0,6.0,6.0,0.0,0.82,0.18,1.08,0.18,900
2025-08-06,2025-08,2025,8,2025Q3,P058,Lente de seguridad transparente,Seguridad industrial,1,9.38,9.38,9.38,0.0,6.4,2.98,2.98,0.3177,95
2025-08-06,2025-08,2025,8,2025Q3,P031,Lija al agua grano 220,Pinturas,6,1.03,6.18,6.18,0.0,0.55,0.48,2.88,0.466,320
2025-08-06,2025-08,2025,8,2025Q3,P029,Rodillo felpa 9 pulgadas,Pinturas,4,16.13,64.52,64.52,0.0,9.7,6.43,25.72,0.3986,62
2025-08-06,2025-08,2025,8,2025Q3,P050,Tornillo autoperforante 3/4 ciento,Tornillería y fijaciones,1,8.98,8.98,8.98,0.0,5.2,3.78,3.78,0.4209,130
2025-08-07,2025-08,2025,8,2025Q3,P018,Arena fina saco 40 kg,Materiales de construcción,8,9.36,74.88,74.88,0.0,7.6,1.76,14.08,0.188,120
2025-08-07,2025-08,2025,8,2025Q3,P001,Martillo de acero 16 oz,Herramientas manuales,2,27.11,54.22,54.22,0.0,18.5,8.61,17.22,0.3176,34
2025-08-07,2025-08,2025,8,2025Q3,P029,Rodillo felpa 9 pulgadas,Pinturas,2,15.87,31.74,31.74,0.0,9.7,6.17,12.34,0.3888,62
2025-08-08,2025-08,2025,8,2025Q3,P017,Cemento bolsa 42.5 kg,Materiales de construcción,20,29.85,597.0,597.0,0.0,24.0,5.85,117.0,0.196,96
2025-08-08,2025-08,2025,8,2025Q3,P029,Rodillo felpa 9 pulgadas,Pinturas,1,15.86,15.86,15.86,0.0,9.7,6.16,6.16,0.3884,62
2025-08-08,2025-08,2025,8,2025Q3,P049,Tornillo drywall 1 pulgada ciento,Tornillería y fijaciones,4,8.58,34.32,34.32,0.0,4.8,3.78,15.12,0.4406,145
2025-08-09,2025-08,2025,8,2025Q3,P037,Foco LED 9W luz fría,Electricidad,5,7.05,35.25,35.25,0.0,4.8,2.25,11.25,0.3191,140
2025-08-09,2025-08,2025,8,2025Q3,P007,Nivel de burbuja 40 cm,Herramientas manuales,1,30.11,30.11,30.11,0.0,19.9,10.21,10.21,0.3391,19
2025-08-09,2025-08,2025,8,2025Q3,P041,Tubo PVC agua 1/2 pulgada,Gasfitería,4,7.37,29.48,29.48,0.0,5.4,1.97,7.88,0.2673,130
2025-08-10,2025-08,2025,8,2025Q3,P036,Cinta aislante negra,Electricidad,15,3.56,53.4,53.4,0.0,2.1,1.46,21.9,0.4101,160
2025-08-10,2025-08,2025,8,2025Q3,P054,Tuerca hexagonal 1/4 ciento,Tornillería y fijaciones,5,10.01,50.05,50.05,0.0,6.0,4.01,20.05,0.4006,75
2025-08-11,2025-08,2025,8,2025Q3,P002,Alicate universal 8 pulgadas,Herramientas manuales,1,24.22,24.22,24.22,0.0,16.2,8.02,8.02,0.3311,42
2025-08-11,2025-08,2025,8,2025Q3,P018,Arena fina saco 40 kg,Materiales de construcción,5,9.91,49.55,49.55,0.0,7.6,2.31,11.55,0.2331,120
2025-08-11,2025-08,2025,8,2025Q3,P030,Brocha 2 pulgadas,Pinturas,1,7.23,7.23,7.23,0.0,4.2,3.03,3.03,0.4191,100
2025-08-11,2025-08,2025,8,2025Q3,P005,Cinta métrica 5 m,Herramientas manuales,2,14.11,28.22,28.22,0.0,8.8,5.31,10.62,0.3763,57
2025-08-11,2025-08,2025,8,2025Q3,P037,Foco LED 9W luz fría,Electricidad,4,7.27,29.08,29.08,0.0,4.8,2.47,9.88,0.3398,140
2025-08-11,2025-08,2025,8,2025Q3,P051,Tarugo plástico 6 mm ciento,Tornillería y fijaciones,1,5.59,5.59,5.59,0.0,3.1,2.49,2.49,0.4454,180
2025-08-12,2025-08,2025,8,2025Q3,P033,Cable THW 12 AWG metro,Electricidad,2,3.57,7.14,7.14,0.0,2.4,1.17,2.34,0.3277,420
2025-08-12,2025-08,2025,8,2025Q3,P005,Cinta métrica 5 m,Herramientas manuales,2,13.89,27.78,27.78,0.0,8.8,5.09,10.18,0.3665,57
2025-08-13,2025-08,2025,8,2025Q3,P010,Amoladora angular 4.5 pulgadas,Herramientas eléctricas,2,159.94,319.88,319.88,0.0,118.0,41.94,83.88,0.2622,7
2025-08-13,2025-08,2025,8,2025Q3,P001,Martillo de acero 16 oz,Herramientas manuales,2,27.92,55.84,55.84,0.0,18.5,9.42,18.84,0.3374,34
2025-08-13,2025-08,2025,8,2025Q3,P025,Pintura látex blanca 1 gl,Pinturas,1,48.48,48.48,48.48,0.0,34.0,14.48,14.48,0.2987,38
2025-08-13,2025-08,2025,8,2025Q3,P049,Tornillo drywall 1 pulgada ciento,Tornillería y fijaciones,10,8.67,86.7,86.7,0.0,4.8,3.87,38.7,0.4464,145
2025-08-14,2025-08,2025,8,2025Q3,P018,Arena fina saco 40 kg,Materiales de construcción,6,9.34,56.04,56.04,0.0,7.6,1.74,10.44,0.1863,120
2025-08-14,2025-08,2025,8,2025Q3,P057,Guante de seguridad latex par,Seguridad industrial,4,6.91,27.64,27.64,0.0,4.3,2.61,10.44,0.3777,150
2025-08-14,2025-08,2025,8,2025Q3,P051,Tarugo plástico 6 mm ciento,Tornillería y fijaciones,5,5.49,27.45,27.45,0.0,3.1,2.39,11.95,0.4353,180
2025-08-15,2025-08,2025,8,2025Q3,P033,Cable THW 12 AWG metro,Electricidad,1,3.68,3.68,3.68,0.0,2.4,1.28,1.28,0.3478,420
2025-08-15,2025-08,2025,8,2025Q3,P005,Cinta métrica 5 m,Herramientas manuales,5,13.28,66.4,66.4,0.0,8.8,4.48,22.4,0.3373,57
2025-08-15,2025-08,2025,8,2025Q3,P058,Lente de seguridad transparente,Seguridad industrial,2,9.61,19.22,19.22,0.0,6.4,3.21,6.42,0.334,95
2025-08-15,2025-08,2025,8,2025Q3,P045,Pegamento PVC 1/4 gl,Gasfitería,8,17.55,140.4,140.4,0.0,11.6,5.95,47.6,0.339,58
2025-08-16,2025-08,2025,8,2025Q3,P030,Brocha 2 pulgadas,Pinturas,2,7.05,14.1,14.1,0.0,4.2,2.85,5.7,0.4043,100
2025-08-16,2025-08,2025,8,2025Q3,P037,Foco LED 9W luz fría,Electricidad,5,6.99,34.95,34.95,0.0,4.8,2.19,10.95,0.3133,140
2025-08-16,2025-08,2025,8,2025Q3,P031,Lija al agua grano 220,Pinturas,2,1.05,2.1,2.1,0.0,0.55,0.5,1.0,0.4762,320
2025-08-17,2025-08,2025,8,2025Q3,P031,Lija al agua grano 220,Pinturas,2,1.03,2.06,2.06,0.0,0.55,0.48,0.96,0.466,320
2025-08-17,2025-08,2025,8,2025Q3,P031,Lija al agua grano 220,Pinturas,1,1.03,1.03,1.03,0.0,0.55,0.48,0.48,0.466,320
2025-08-17,2025-08,2025,8,2025Q3,P035,Tomacorriente doble,Electricidad,15,11.21,168.15,168.15,0.0,7.2,4.01,60.15,0.3577,87
2025-08-17,2025-08,2025,8,2025Q3,P050,Tornillo autoperforante 3/4 ciento,Tornillería y fijaciones,3,9.01,27.03,27.03,0.0,5.2,3.81,11.43,0.4229,130
2025-08-18,2025-08,2025,8,2025Q3,P019,Pegamento cerámico 25 kg,Materiales de construcción,20,24.35,487.0,487.0,0.0,18.2,6.15,123.0,0.2526,68
2025-08-18,2025-08,2025,8,2025Q3,P029,Rodillo felpa 9 pulgadas,Pinturas,2,15.99,31.98,31.98,0.0,9.7,6.29,12.58,0.3934,62
2025-08-18,2025-08,2025,8,2025Q3,P049,Tornillo drywall 1 pulgada ciento,Tornillería y fijaciones,8,8.24,65.92,65.92,0.0,4.8,3.44,27.52,0.4175,145
2025-08-19,2025-08,2025,8,2025Q3,P002,Alicate universal 8 pulgadas,Herramientas manuales,2,24.8,49.6,49.6,0.0,16.2,8.6,17.2,0.3468,42
2025-08-19,2025-08,2025,8,2025Q3,P030,Brocha 2 pulgadas,Pinturas,2,7.01,14.02,14.02,0.0,4.2,2.81,5.62,0.4009,100
2025-08-19,2025-08,2025,8,2025Q3,P037,Foco LED 9W luz fría,Electricidad,1,7.0,7.0,7.0,0.0,4.8,2.2,2.2,0.3143,140
2025-08-19,2025-08,2025,8,2025Q3,P029,Rodillo felpa 9 pulgadas,Pinturas,4,15.66,62.64,62.64,0.0,9.7,5.96,23.84,0.3806,62
2025-08-20,2025-08,2025,8,2025Q3,P034,Interruptor simple empotrable,Electricidad,8,9.2,73.6,73.6,0.0,5.8,3.4,27.2,0.3696,95
2025-08-20,2025-08,2025,8,2025Q3,P021,Ladrillo pandereta unidad,Materiales de construcción,10,0.97,9.7,9.7,0.0,0.82,0.15,1.5,0.1546,900
2025-08-20,2025-08,2025,8,2025Q3,P071,Maceta plastica mediana,Jardinería,1,10.47,10.47,10.47,0.0,6.5,3.97,3.97,0.3792,80
2025-08-20,2025-08,2025,8,2025Q3,P045,Pegamento PVC 1/4 gl,Gasfitería,3,17.27,51.81,51.81,0.0,11.6,5.67,17.01,0.3283,58
2025-08-20,2025-08,2025,8,2025Q3,P019,Pegamento cerámico 25 kg,Materiales de construcción,1,23.83,23.83,23.83,0.0,18.2,5.63,5.63,0.2363,68
2025-08-21,2025-08,2025,8,2025Q3,P002,Alicate universal 8 pulgadas,Herramientas manuales,4,25.01,100.04,100.04,0.0,16.2,8.81,35.24,0.3523,42
2025-08-21,2025-08,2025,8,2025Q3,P034,Interruptor simple empotrable,Electricidad,2,9.0,18.0,18.0,0.0,5.8,3.2,6.4,0.3556,95
2025-08-21,2025-08,2025,8,2025Q3,P029,Rodillo felpa 9 pulgadas,Pinturas,1,15.2,15.2,15.2,0.0,9.7,5.5,5.5,0.3618,62
2025-08-22,2025-08,2025,8,2025Q3,P018,Arena fina saco 40 kg,Materiales de construcción,20,9.86,197.2,197.2,0.0,7.6,2.26,45.2,0.2292,120
2025-08-22,2025-08,2025,8,2025Q3,P017,Cemento bolsa 42.5 kg,Materiales de construcción,6,30.4,182.4,182.4,0.0,24.0,6.4,38.4,0.2105,96
2025-08-22,2025-08,2025,8,2025Q3,P017,Cemento bolsa 42.5 kg,Materiales de construcción,15,29.27,439.05,439.05,0.0,24.0,5.27,79.05,0.18,96
2025-08-22,2025-08,2025,8,2025Q3,P043,Llave esférica 1/2 pulgada,Gasfitería,8,14.67,117.36,117.36,0.0,9.8,4.87,38.96,0.332,74
2025-08-23,2025-08,2025,8,2025Q3,P044,Cinta teflón 12 mm,Gasfitería,8,1.92,15.36,15.36,0.0,1.1,0.82,6.56,0.4271,210
2025-08-23,2025-08,2025,8,2025Q3,P043,Llave esférica 1/2 pulgada,Gasfitería,1,14.33,14.33,14.33,0.0,9.8,4.53,4.53,0.3161,74
2025-08-23,2025-08,2025,8,2025Q3,P060,Mascarilla KN95 unidad,Seguridad industrial,3,2.68,8.04,8.04,0.0,1.6,1.08,3.24,0.403,260
2025-08-23,2025-08,2025,8,2025Q3,P051,Tarugo plástico 6 mm ciento,Tornillería y fijaciones,3,5.68,17.04,17.04,0.0,3.1,2.58,7.74,0.4542,180
2025-08-23,2025-08,2025,8,2025Q3,P020,Yeso bolsa 20 kg,Materiales de construcción,15,14.13,211.95,211.95,0.0,10.8,3.33,49.95,0.2357,55
2025-08-24,2025-08,2025,8,2025Q3,P001,Martillo de acero 16 oz,Herramientas manuales,4,27.33,109.32,109.32,0.0,18.5,8.83,35.32,0.3231,34
2025-08-24,2025-08,2025,8,2025Q3,P029,Rodillo felpa 9 pulgadas,Pinturas,6,15.85,95.1,95.1,0.0,9.7,6.15,36.9,0.388,62
2025-08-24,2025-08,2025,8,2025Q3,P050,Tornillo autoperforante 3/4 ciento,Tornillería y fijaciones,3,8.8,26.4,26.4,0.0,5.2,3.6,10.8,0.4091,130
2025-08-25,2025-08,2025,8,2025Q3,P072,Aspersor plástico regulable,Jardinería,2,17.3,34.6,34.6,0.0,12.0,5.3,10.6,0.3064,30
2025-08-25,2025-08,2025,8,2025Q3,P003,Destornillador plano 6 pulgadas,Herramientas manuales,2,8.97,17.94,17.94,0.0,5.4,3.57,7.14,0.398,85
2025-08-25,2025-08,2025,8,2025Q3,P037,Foco LED 9W luz fría,Electricidad,5,7.05,35.25,35.25,0.0,4.8,2.25,11.25,0.3191,140
2025-08-25,2025-08,2025,8,2025Q3,P057,Guante de seguridad latex par,Seguridad industrial,1,6.64,6.64,6.64,0.0,4.3,2.34,2.34,0.3524,150
2025-08-25,2025-08,2025,8,2025Q3,P019,Pegamento cerámico 25 kg,Materiales de construcción,10,22.98,229.8,229.8,0.0,18.2,4.78,47.8,0.208,68
2025-08-25,2025-08,2025,8,2025Q3,P049,Tornillo drywall 1 pulgada ciento,Tornillería y fijaciones,1,8.75,8.75,8.75,0.0,4.8,3.95,3.95,0.4514,145
2025-08-26,2025-08,2025,8,2025Q3,P022,Alambre recocido kg,Materiales de construcción,20,8.94,178.8,178.8,0.0,6.9,2.04,40.8,0.2282,75
2025-08-26,2025-08,2025,8,2025Q3,P018,Arena fina saco 40 kg,Materiales de construcción,3,9.48,28.44,28.44,0.0,7.6,1.88,5.64,0.1983,120
2025-08-27,2025-08,2025,8,2025Q3,P052,Perno hexagonal 1/4 ciento,Tornillería y fijaciones,2,18.78,37.56,37.56,0.0,12.5,6.28,12.56,0.3344,58
2025-08-27,2025-08,2025,8,2025Q3,P049,Tornillo drywall 1 pulgada ciento,Tornillería y fijaciones,10,8.33,83.3,83.3,0.0,4.8,3.53,35.3,0.4238,145
2025-08-27,2025-08,2025,8,2025Q3,P046,Trampa lavatorio PVC,Gasfitería,8,12.55,100.4,100.4,0.0,8.5,4.05,32.4,0.3227,44
2025-08-27,2025-08,2025,8,2025Q3,P054,Tuerca hexagonal 1/4 ciento,Tornillería y fijaciones,1,10.1,10.1,10.1,0.0,6.0,4.1,4.1,0.4059,75
2025-08-28,2025-08,2025,8,2025Q3,P017,Cemento bolsa 42.5 kg,Materiales de construcción,6,29.4,176.4,176.4,0.0,24.0,5.4,32.4,0.1837,96
2025-08-28,2025-08,2025,8,2025Q3,P003,Destornillador plano 6 pulgadas,Herramientas manuales,2,8.72,17.44,17.44,0.0,5.4,3.32,6.64,0.3807,85
2025-08-28,2025-08,2025,8,2025Q3,P026,Pintura látex marfil 1 gl,Pinturas,6,46.45,278.7,278.7,0.0,33.5,12.95,77.7,0.2788,31
2025-08-28,2025-08,2025,8,2025Q3,P050,Tornillo autoperforante 3/4 ciento,Tornillería y fijaciones,2,9.05,18.1,18.1,0.0,5.2,3.85,7.7,0.4254,130
2025-08-29,2025-08,2025,8,2025Q3,P057,Guante de seguridad latex par,Seguridad industrial,5,6.96,34.8,34.8,0.0,4.3,2.66,13.3,0.3822,150
2025-08-29,2025-08,2025,8,2025Q3,P031,Lija al agua grano 220,Pinturas,6,1.02,6.12,6.12,0.0,0.55,0.47,2.82,0.4608,320
2025-08-30,2025-08,2025,8,2025Q3,P042,Codo PVC 1/2 pulgada,Gasfitería,10,1.61,16.1,16.1,0.0,0.95,0.66,6.6,0.4099,260
2025-08-30,2025-08,2025,8,2025Q3,P029,Rodillo felpa 9 pulgadas,Pinturas,1,15.79,15.79,15.79,0.0,9.7,6.09,6.09,0.3857,62
2025-08-30,2025-08,2025,8,2025Q3,P035,Tomacorriente doble,Electricidad,5,10.7,53.5,53.5,0.0,7.2,3.5,17.5,0.3271,87
2025-08-30,2025-08,2025,8,2025Q3,P050,Tornillo autoperforante 3/4 ciento,Tornillería y fijaciones,4,8.79,35.16,35.16,0.0,5.2,3.59,14.36,0.4084,130
2025-08-31,2025-08,2025,8,2025Q3,P018,Arena fina saco 40 kg,Materiales de construcción,10,9.89,98.9,98.9,0.0,7.6,2.29,22.9,0.2315,120
2025-08-31,2025-08,2025,8,2025Q3,P042,Codo PVC 1/2 pulgada,Gasfitería,2,1.54,3.08,3.08,0.0,0.95,0.59,1.18,0.3831,260
2025-08-31,2025-08,2025,8,2025Q3,P021,Ladrillo pandereta unidad,Materiales de construcción,10,1.01,10.1,10.1,0.0,0.82,0.19,1.9,0.1881,900
2025-08-31,2025-08,2025,8,2025Q3,P026,Pintura látex marfil 1 gl,Pinturas,1,46.33,46.33,46.33,0.0,33.5,12.83,12.83,0.2769,31
2025-09-01,2025-09,2025,9,2025Q3,P039,Canaleta PVC 20x10 mm,Electricidad,1,4.49,4.49,4.49,0.0,3.2,1.29,1.29,0.2873,115
2025-09-01,2025-09,2025,9,2025Q3,P017,Cemento bolsa 42.5 kg,Materiales de construcción,20,29.99,599.8,599.8,0.0,24.0,5.99,119.8,0.1997,96
2025-09-01,2025-09,2025,9,2025Q3,P071,Maceta plastica mediana,Jardinería,3,10.35,31.05,31.05,0.0,6.5,3.85,11.55,0.372,80
2025-09-02,2025-09,2025,9,2025Q3,P010,Amoladora angular 4.5 pulgadas,Herramientas eléctricas,2,154.06,308.12,308.12,0.0,118.0,36.06,72.12,0.2341,7
2025-09-02,2025-09,2025,9,2025Q3,P030,Brocha 2 pulgadas,Pinturas,3,7.42,22.26,22.26,0.0,4.2,3.22,9.66,0.434,100
2025-09-02,2025-09,2025,9,2025Q3,P005,Cinta métrica 5 m,Herramientas manuales,1,13.25,13.25,13.25,0.0,8.8,4.45,4.45,0.3358,57
2025-09-02,2025-09,2025,9,2025Q3,P049,Tornillo drywall 1 pulgada ciento,Tornillería y fijaciones,10,8.44,84.4,84.4,0.0,4.8,3.64,36.4,0.4313,145
2025-09-03,2025-09,2025,9,2025Q3,P002,Alicate universal 8 pulgadas,Herramientas manuales,4,24.95,99.8,99.8,0.0,16.2,8.75,35.0,0.3507,42
2025-09-03,2025-09,2025,9,2025Q3,P056,Anclaje expansivo 3/8 unidad,Tornillería y fijaciones,1,2.79,2.79,2.79,0.0,1.8,0.99,0.99,0.3548,110
2025-09-03,2025-09,2025,9,2025Q3,P027,Esmalte sintético negro 1/4 gl,Pinturas,6,26.43,158.58,158.58,0.0,18.0,8.43,50.58,0.319,45
2025-09-03,2025-09,2025,9,2025Q3,P057,Guante de seguridad latex par,Seguridad industrial,3,6.9,20.7,20.7,0.0,4.3,2.6,7.8,0.3768,150
2025-09-03,2025-09,2025,9,2025Q3,P019,Pegamento cerámico 25 kg,Materiales de construcción,15,23.46,351.9,351.9,0.0,18.2,5.26,78.9,0.2242,68
2025-09-03,2025-09,2025,9,2025Q3,P029,Rodillo felpa 9 pulgadas,Pinturas,1,15.64,15.64,15.64,0.0,9.7,5.94,5.94,0.3798,62
2025-09-03,2025-09,2025,9,2025Q3,P035,Tomacorriente doble,Electricidad,1,10.67,10.67,10.67,0.0,7.2,3.47,3.47,0.3252,87
2025-09-03,2025-09,2025,9,2025Q3,P035,Tomacorriente doble,Electricidad,2,10.59,21.18,21.18,0.0,7.2,3.39,6.78,0.3201,87
2025-09-04,2025-09,2025,9,2025Q3,P001,Martillo de acero 16 oz,Herramientas manuales,3,27.65,82.95,82.95,0.0,18.5,9.15,27.45,0.3309,34
2025-09-04,2025-09,2025,9,2025Q3,P045,Pegamento PVC 1/4 gl,Gasfitería,10,16.42,164.2,164.2,0.0,11.6,4.82,48.2,0.2935,58
2025-09-04,2025-09,2025,9,2025Q3,P052,Perno hexagonal 1/4 ciento,Tornillería y fijaciones,3,19.29,57.87,57.87,0.0,12.5,6.79,20.37,0.352,58
2025-09-05,2025-09,2025,9,2025Q3,P028,Base selladora 1 gl,Pinturas,2,39.75,79.5,79.5,0.0,28.5,11.25,22.5,0.283,28
2025-09-05,2025-09,2025,9,2025Q3,P017,Cemento bolsa 42.5 kg,Materiales de construcción,3,30.73,92.19,92.19,0.0,24.0,6.73,20.19,0.219,96
2025-09-05,2025-09,2025,9,2025Q3,P036,Cinta aislante negra,Electricidad,8,3.53,28.24,28.24,0.0,2.1,1.43,11.44,0.4051,160
2025-09-05,2025-09,2025,9,2025Q3,P005,Cinta métrica 5 m,Herramientas manuales,2,13.36,26.72,26.72,0.0,8.8,4.56,9.12,0.3413,57
2025-09-05,2025-09,2025,9,2025Q3,P037,Foco LED 9W luz fría,Electricidad,2,7.24,14.48,14.48,0.0,4.8,2.44,4.88,0.337,140
2025-09-05,2025-09,2025,9,2025Q3,P001,Martillo de acero 16 oz,Herramientas manuales,2,26.49,52.98,52.98,0.0,18.5,7.99,15.98,0.3016,34
2025-09-05,2025-09,2025,9,2025Q3,P040,Tablero eléctrico 8 polos,Electricidad,4,83.8,335.2,335.2,0.0,62.0,21.8,87.2,0.2601,13
2025-09-06,2025-09,2025,9,2025Q3,P030,Brocha 2 pulgadas,Pinturas,2,6.92,13.84,13.84,0.0,4.2,2.72,5.44,0.3931,100
2025-09-06,2025-09,2025,9,2025Q3,P027,Esmalte sintético negro 1/4 gl,Pinturas,4,26.77,107.08,107.08,0.0,18.0,8.77,35.08,0.3276,45
2025-09-06,2025-09,2025,9,2025Q3,P021,Ladrillo pandereta unidad,Materiales de construcción,15,1.02,15.3,15.3,0.0,0.82,0.2,3.0,0.1961,900
2025-09-06,2025-09,2025,9,2025Q3,P065,Manguera reforzada 15 m,Jardinería,2,49.9,99.8,99.8,0.0,34.0,15.9,31.8,0.3186,28
2025-09-06,2025-09,2025,9,2025Q3,P055,Remache pop 1/8 ciento,Tornillería y fijaciones,2,15.87,31.74,31.74,0.0,9.5,6.37,12.74,0.4014,41
2025-09-06,2025-09,2025,9,2025Q3,P032,Thinner acrílico 1 L,Pinturas,1,12.64,12.64,12.64,0.0,8.9,3.74,3.74,0.2959,70
2025-09-07,2025-09,2025,9,2025Q3,P013,Atornillador inalámbrico 12V,Herramientas eléctricas,1,172.52,172.52,172.52,0.0,132.0,40.52,40.52,0.2349,8
2025-09-07,2025-09,2025,9,2025Q3,P058,Lente de seguridad transparente,Seguridad industrial,4,9.36,37.44,37.44,0.0,6.4,2.96,11.84,0.3162,95
2025-09-07,2025-09,2025,9,2025Q3,P035,Tomacorriente doble,Electricidad,15,11.2,168.0,168.0,0.0,7.2,4.0,60.0,0.3571,87
2025-09-08,2025-09,2025,9,2025Q3,P059,Casco de seguridad amarillo,Seguridad industrial,10,24.3,243.0,243.0,0.0,16.5,7.8,78.0,0.321,32
2025-09-08,2025-09,2025,9,2025Q3,P043,Llave esférica 1/2 pulgada,Gasfitería,4,14.18,56.72,56.72,0.0,9.8,4.38,17.52,0.3089,74
2025-09-08,2025-09,2025,9,2025Q3,P046,Trampa lavatorio PVC,Gasfitería,2,12.5,25.0,25.0,0.0,8.5,4.0,8.0,0.32,44
2025-09-08,2025-09,2025,9,2025Q3,P054,Tuerca hexagonal 1/4 ciento,Tornillería y fijaciones,5,9.98,49.9,49.9,0.0,6.0,3.98,19.9,0.3988,75
2025-09-09,2025-09,2025,9,2025Q3,P044,Cinta teflón 12 mm,Gasfitería,2,2.0,4.0,4.0,0.0,1.1,0.9,1.8,0.45,210
2025-09-09,2025-09,2025,9,2025Q3,P003,Destornillador plano 6 pulgadas,Herramientas manuales,5,9.06,45.3,45.3,0.0,5.4,3.66,18.3,0.404,85
2025-09-09,2025-09,2025,9,2025Q3,P037,Foco LED 9W luz fría,Electricidad,4,7.03,28.12,28.12,0.0,4.8,2.23,8.92,0.3172,140
2025-09-09,2025-09,2025,9,2025Q3,P025,Pintura látex blanca 1 gl,Pinturas,2,48.26,96.52,96.52,0.0,34.0,14.26,28.52,0.2955,38
2025-09-10,2025-09,2025,9,2025Q3,P017,Cemento bolsa 42.5 kg,Materiales de construcción,5,30.58,152.9,152.9,0.0,24.0,6.58,32.9,0.2152,96
2025-09-10,2025-09,2025,9,2025Q3,P036,Cinta aislante negra,Electricidad,3,3.58,10.74,10.74,0.0,2.1,1.48,4.44,0.4134,160
2025-09-10,2025-09,2025,9,2025Q3,P037,Foco LED 9W luz fría,Electricidad,2,7.19,14.38,14.38,0.0,4.8,2.39,4.78,0.3324,140
2025-09-10,2025-09,2025,9,2025Q3,P019,Pegamento cerámico 25 kg,Materiales de construcción,6,22.86,137.16,137.16,0.0,18.2,4.66,27.96,0.2038,68
2025-09-10,2025-09,2025,9,2025Q3,P054,Tuerca hexagonal 1/4 ciento,Tornillería y fijaciones,8,10.29,82.32,82.32,0.0,6.0,4.29,34.32,0.4169,75
2025-09-11,2025-09,2025,9,2025Q3,P002,Alicate universal 8 pulgadas,Herramientas manuales,4,24.42,97.68,97.68,0.0,16.2,8.22,32.88,0.3366,42
2025-09-11,2025-09,2025,9,2025Q3,P053,Arandela plana 1/4 ciento,Tornillería y fijaciones,3,6.68,20.04,20.04,0.0,4.1,2.58,7.74,0.3862,92
2025-09-11,2025-09,2025,9,2025Q3,P017,Cemento bolsa 42.5 kg,Materiales de construcción,10,28.59,285.9,285.9,0.0,24.0,4.59,45.9,0.1605,96
2025-09-11,2025-09,2025,9,2025Q3,P003,Destornillador plano 6 pulgadas,Herramientas manuales,1,9.01,9.01,9.01,0.0,5.4,3.61,3.61,0.4007,85
2025-09-11,2025-09,2025,9,2025Q3,P037,Foco LED 9W luz fría,Electricidad,1,7.37,7.37,7.37,0.0,4.8,2.57,2.57,0.3487,140
2025-09-11,2025-09,2025,9,2025Q3,P029,Rodillo felpa 9 pulgadas,Pinturas,2,15.95,31.9,31.9,0.0,9.7,6.25,12.5,0.3918,62
2025-09-11,2025-09,2025,9,2025Q3,P041,Tubo PVC agua 1/2 pulgada,Gasfitería,10,7.45,74.5,74.5,0.0,5.4,2.05,20.5,0.2752,130
2025-09-11,2025-09,2025,9,2025Q3,P041,Tubo PVC agua 1/2 pulgada,Gasfitería,2,7.61,15.22,15.22,0.0,5.4,2.21,4.42,0.2904,130
2025-09-12,2025-09,2025,9,2025Q3,P007,Nivel de burbuja 40 cm,Herramientas manuales,5,28.76,143.8,143.8,0.0,19.9,8.86,44.3,0.3081,19
2025-09-12,2025-09,2025,9,2025Q3,P051,Tarugo plástico 6 mm ciento,Tornillería y fijaciones,1,5.37,5.37,5.37,0.0,3.1,2.27,2.27,0.4227,180
2025-09-12,2025-09,2025,9,2025Q3,P050,Tornillo autoperforante 3/4 ciento,Tornillería y fijaciones,4,8.91,35.64,35.64,0.0,5.2,3.71,14.84,0.4164,130
2025-09-13,2025-09,2025,9,2025Q3,P030,Brocha 2 pulgadas,Pinturas,1,7.33,7.33,7.33,0.0,4.2,3.13,3.13,0.427,100
2025-09-13,2025-09,2025,9,2025Q3,P005,Cinta métrica 5 m,Herramientas manuales,4,13.88,55.52,55.52,0.0,8.8,5.08,20.32,0.366,57
2025-09-13,2025-09,2025,9,2025Q3,P023,Clavo para madera kg,Materiales de construcción,20,10.33,206.6,206.6,0.0,7.4,2.93,58.6,0.2836,63
2025-09-13,2025-09,2025,9,2025Q3,P051,Tarugo plástico 6 mm ciento,Tornillería y fijaciones,8,5.63,45.04,45.04,0.0,3.1,2.53,20.24,0.4494,180
2025-09-14,2025-09,2025,9,2025Q3,P053,Arandela plana 1/4 ciento,Tornillería y fijaciones,3,7.08,21.24,21.24,0.0,4.1,2.98,8.94,0.4209,92
2025-09-14,2025-09,2025,9,2025Q3,P017,Cemento bolsa 42.5 kg,Materiales de construcción,1,28.86,28.86,28.86,0.0,24.0,4.86,4.86,0.1684,96
2025-09-14,2025-09,2025,9,2025Q3,P061,Chaleco reflectivo,Seguridad industrial,2,16.96,33.92,33.92,0.0,11.8,5.16,10.32,0.3042,45
2025-09-15,2025-09,2025,9,2025Q3,P022,Alambre recocido kg,Materiales de construcción,4,9.01,36.04,36.04,0.0,6.9,2.11,8.44,0.2342,75
2025-09-15,2025-09,2025,9,2025Q3,P042,Codo PVC 1/2 pulgada,Gasfitería,1,1.6,1.6,1.6,0.0,0.95,0.65,0.65,0.4062,260
2025-09-15,2025-09,2025,9,2025Q3,P037,Foco LED 9W luz fría,Electricidad,5,7.2,36.0,36.0,0.0,4.8,2.4,12.0,0.3333,140
2025-09-15,2025-09,2025,9,2025Q3,P057,Guante de seguridad latex par,Seguridad industrial,8,6.46,51.68,51.68,0.0,4.3,2.16,17.28,0.3344,150
2025-09-15,2025-09,2025,9,2025Q3,P049,Tornillo drywall 1 pulgada ciento,Tornillería y fijaciones,5,8.6,43.0,43.0,0.0,4.8,3.8,19.0,0.4419,145
2025-09-15,2025-09,2025,9,2025Q3,P020,Yeso bolsa 20 kg,Materiales de construcción,8,13.35,106.8,106.8,0.0,10.8,2.55,20.4,0.191,55
2025-09-16,2025-09,2025,9,2025Q3,P001,Martillo de acero 16 oz,Herramientas manuales,2,26.62,53.24,53.24,0.0,18.5,8.12,16.24,0.305,34
2025-09-17,2025-09,2025,9,2025Q3,P005,Cinta métrica 5 m,Herramientas manuales,3,13.97,41.91,41.91,0.0,8.8,5.17,15.51,0.3701,57
2025-09-17,2025-09,2025,9,2025Q3,P005,Cinta métrica 5 m,Herramientas manuales,1,13.5,13.5,13.5,0.0,8.8,4.7,4.7,0.3481,57
2025-09-17,2025-09,2025,9,2025Q3,P025,Pintura látex blanca 1 gl,Pinturas,2,47.06,94.12,94.12,0.0,34.0,13.06,26.12,0.2775,38
2025-09-17,2025-09,2025,9,2025Q3,P032,Thinner acrílico 1 L,Pinturas,2,12.62,25.24,25.24,0.0,8.9,3.72,7.44,0.2948,70
2025-09-17,2025-09,2025,9,2025Q3,P049,Tornillo drywall 1 pulgada ciento,Tornillería y fijaciones,8,8.72,69.76,69.76,0.0,4.8,3.92,31.36,0.4495,145
2025-09-17,2025-09,2025,9,2025Q3,P046,Trampa lavatorio PVC,Gasfitería,10,12.28,122.8,122.8,0.0,8.5,3.78,37.8,0.3078,44
2025-09-18,2025-09,2025,9,2025Q3,P005,Cinta métrica 5 m,Herramientas manuales,2,13.78,27.56,27.56,0.0,8.8,4.98,9.96,0.3614,57
2025-09-18,2025-09,2025,9,2025Q3,P042,Codo PVC 1/2 pulgada,Gasfitería,1,1.62,1.62,1.62,0.0,0.95,0.67,0.67,0.4136,260
2025-09-18,2025-09,2025,9,2025Q3,P003,Destornillador plano 6 pulgadas,Herramientas manuales,1,9.26,9.26,9.26,0.0,5.4,3.86,3.86,0.4168,85
2025-09-18,2025-09,2025,9,2025Q3,P029,Rodillo felpa 9 pulgadas,Pinturas,2,15.64,31.28,31.28,0.0,9.7,5.94,11.88,0.3798,62
2025-09-19,2025-09,2025,9,2025Q3,P036,Cinta aislante negra,Electricidad,2,3.62,7.24,7.24,0.0,2.1,1.52,3.04,0.4199,160
2025-09-19,2025-09,2025,9,2025Q3,P003,Destornillador plano 6 pulgadas,Herramientas manuales,2,9.05,18.1,18.1,0.0,5.4,3.65,7.3,0.4033,85
2025-09-19,2025-09,2025,9,2025Q3,P034,Interruptor simple empotrable,Electricidad,5,8.73,43.65,43.65,0.0,5.8,2.93,14.65,0.3356,95
2025-09-19,2025-09,2025,9,2025Q3,P029,Rodillo felpa 9 pulgadas,Pinturas,1,15.65,15.65,15.65,0.0,9.7,5.95,5.95,0.3802,62
2025-09-19,2025-09,2025,9,2025Q3,P050,Tornillo autoperforante 3/4 ciento,Tornillería y fijaciones,8,8.73,69.84,69.84,0.0,5.2,3.53,28.24,0.4044,130
2025-09-19,2025-09,2025,9,2025Q3,P049,Tornillo drywall 1 pulgada ciento,Tornillería y fijaciones,3,8.57,25.71,25.71,0.0,4.8,3.77,11.31,0.4399,145
2025-09-20,2025-09,2025,9,2025Q3,P010,Amoladora angular 4.5 pulgadas,Herramientas eléctricas,1,159.46,159.46,159.46,0.0,118.0,41.46,41.46,0.26,7
2025-09-20,2025-09,2025,9,2025Q3,P030,Brocha 2 pulgadas,Pinturas,6,7.09,42.54,42.54,0.0,4.2,2.89,17.34,0.4076,100
2025-09-20,2025-09,2025,9,2025Q3,P034,Interruptor simple empotrable,Electricidad,2,9.23,18.46,18.46,0.0,5.8,3.43,6.86,0.3716,95
2025-09-20,2025-09,2025,9,2025Q3,P001,Martillo de acero 16 oz,Herramientas manuales,2,27.52,55.04,55.04,0.0,18.5,9.02,18.04,0.3278,34
2025-09-20,2025-09,2025,9,2025Q3,P001,Martillo de acero 16 oz,Herramientas manuales,3,26.23,78.69,78.69,0.0,18.5,7.73,23.19,0.2947,34
2025-09-21,2025-09,2025,9,2025Q3,P005,Cinta métrica 5 m,Herramientas manuales,5,13.9,69.5,69.5,0.0,8.8,5.1,25.5,0.3669,57
2025-09-21,2025-09,2025,9,2025Q3,P051,Tarugo plástico 6 mm ciento,Tornillería y fijaciones,2,5.43,10.86,10.86,0.0,3.1,2.33,4.66,0.4291,180
2025-09-22,2025-09,2025,9,2025Q3,P033,Cable THW 12 AWG metro,Electricidad,1,3.61,3.61,3.61,0.0,2.4,1.21,1.21,0.3352,420
2025-09-22,2025-09,2025,9,2025Q3,P017,Cemento bolsa 42.5 kg,Materiales de construcción,5,29.46,147.3,147.3,0.0,24.0,5.46,27.3,0.1853,96
2025-09-23,2025-09,2025,9,2025Q3,P071,Maceta plastica mediana,Jardinería,3,10.7,32.1,32.1,0.0,6.5,4.2,12.6,0.3925,80
2025-09-24,2025-09,2025,9,2025Q3,P010,Amoladora angular 4.5 pulgadas,Herramientas eléctricas,2,151.13,302.26,302.26,0.0,118.0,33.13,66.26,0.2192,7
2025-09-24,2025-09,2025,9,2025Q3,P042,Codo PVC 1/2 pulgada,Gasfitería,3,1.63,4.89,4.89,0.0,0.95,0.68,2.04,0.4172,260
2025-09-24,2025-09,2025,9,2025Q3,P003,Destornillador plano 6 pulgadas,Herramientas manuales,5,8.66,43.3,43.3,0.0,5.4,3.26,16.3,0.3764,85
2025-09-24,2025-09,2025,9,2025Q3,P060,Mascarilla KN95 unidad,Seguridad industrial,1,2.59,2.59,2.59,0.0,1.6,0.99,0.99,0.3822,260
2025-09-24,2025-09,2025,9,2025Q3,P055,Remache pop 1/8 ciento,Tornillería y fijaciones,10,15.84,158.4,158.4,0.0,9.5,6.34,63.4,0.4003,41
2025-09-25,2025-09,2025,9,2025Q3,P021,Ladrillo pandereta unidad,Materiales de construcción,1,1.0,1.0,1.0,0.0,0.82,0.18,0.18,0.18,900
2025-09-25,2025-09,2025,9,2025Q3,P051,Tarugo plástico 6 mm ciento,Tornillería y fijaciones,2,5.52,11.04,11.04,0.0,3.1,2.42,4.84,0.4384,180
2025-09-25,2025-09,2025,9,2025Q3,P032,Thinner acrílico 1 L,Pinturas,2,13.32,26.64,26.64,0.0,8.9,4.42,8.84,0.3318,70
2025-09-25,2025-09,2025,9,2025Q3,P054,Tuerca hexagonal 1/4 ciento,Tornillería y fijaciones,3,9.77,29.31,29.31,0.0,6.0,3.77,11.31,0.3859,75
2025-09-26,2025-09,2025,9,2025Q3,P030,Brocha 2 pulgadas,Pinturas,3,7.44,22.32,22.32,0.0,4.2,3.24,9.72,0.4355,100
2025-09-26,2025-09,2025,9,2025Q3,P065,Manguera reforzada 15 m,Jardinería,4,50.38,201.52,201.52,0.0,34.0,16.38,65.52,0.3251,28
2025-09-26,2025-09,2025,9,2025Q3,P029,Rodillo felpa 9 pulgadas,Pinturas,6,15.1,90.6,90.6,0.0,9.7,5.4,32.4,0.3576,62
2025-09-27,2025-09,2025,9,2025Q3,P002,Alicate universal 8 pulgadas,Herramientas manuales,2,23.64,47.28,47.28,0.0,16.2,7.44,14.88,0.3147,42
2025-09-27,2025-09,2025,9,2025Q3,P018,Arena fina saco 40 kg,Materiales de construcción,15,9.33,139.95,139.95,0.0,7.6,1.73,25.95,0.1854,120
2025-09-27,2025-09,2025,9,2025Q3,P044,Cinta teflón 12 mm,Gasfitería,3,2.05,6.15,6.15,0.0,1.1,0.95,2.85,0.4634,210
2025-09-27,2025-09,2025,9,2025Q3,P023,Clavo para madera kg,Materiales de construcción,6,9.65,57.9,57.9,0.0,7.4,2.25,13.5,0.2332,63
2025-09-27,2025-09,2025,9,2025Q3,P067,Tijera de podar,Jardinería,5,31.96,159.8,159.8,0.0,22.0,9.96,49.8,0.3116,20
2025-09-27,2025-09,2025,9,2025Q3,P050,Tornillo autoperforante 3/4 ciento,Tornillería y fijaciones,10,8.68,86.8,86.8,0.0,5.2,3.48,34.8,0.4009,130
2025-09-28,2025-09,2025,9,2025Q3,P017,Cemento bolsa 42.5 kg,Materiales de construcción,15,29.58,443.7,443.7,0.0,24.0,5.58,83.7,0.1886,96
2025-09-28,2025-09,2025,9,2025Q3,P021,Ladrillo pandereta unidad,Materiales de construcción,12,0.95,11.4,11.4,0.0,0.82,0.13,1.56,0.1368,900
2025-09-28,2025-09,2025,9,2025Q3,P007,Nivel de burbuja 40 cm,Herramientas manuales,3,28.67,86.01,86.01,0.0,19.9,8.77,26.31,0.3059,19
2025-09-29,2025-09,2025,9,2025Q3,P053,Arandela plana 1/4 ciento,Tornillería y fijaciones,1,6.85,6.85,6.85,0.0,4.1,2.75,2.75,0.4015,92
2025-09-29,2025-09,2025,9,2025Q3,P018,Arena fina saco 40 kg,Materiales de construcción,1,9.52,9.52,9.52,0.0,7.6,1.92,1.92,0.2017,120
2025-09-29,2025-09,2025,9,2025Q3,P005,Cinta métrica 5 m,Herramientas manuales,5,13.75,68.75,68.75,0.0,8.8,4.95,24.75,0.36,57
2025-09-29,2025-09,2025,9,2025Q3,P057,Guante de seguridad latex par,Seguridad industrial,1,6.72,6.72,6.72,0.0,4.3,2.42,2.42,0.3601,150
2025-09-29,2025-09,2025,9,2025Q3,P012,Lijadora orbital 240W,Herramientas eléctricas,1,135.96,135.96,135.96,0.0,98.0,37.96,37.96,0.2792,11
2025-09-29,2025-09,2025,9,2025Q3,P025,Pintura látex blanca 1 gl,Pinturas,1,49.05,49.05,49.05,0.0,34.0,15.05,15.05,0.3068,38
2025-09-29,2025-09,2025,9,2025Q3,P006,Serrucho carpintero 20 pulgadas,Herramientas manuales,5,35.49,177.45,177.45,0.0,24.5,10.99,54.95,0.3097,22
2025-09-30,2025-09,2025,9,2025Q3,P036,Cinta aislante negra,Electricidad,3,3.5,10.5,10.5,0.0,2.1,1.4,4.2,0.4,160
2025-09-30,2025-09,2025,9,2025Q3,P023,Clavo para madera kg,Materiales de construcción,3,9.69,29.07,29.07,0.0,7.4,2.29,6.87,0.2363,63
2025-09-30,2025-09,2025,9,2025Q3,P042,Codo PVC 1/2 pulgada,Gasfitería,2,1.59,3.18,3.18,0.0,0.95,0.64,1.28,0.4025,260
2025-09-30,2025-09,2025,9,2025Q3,P003,Destornillador plano 6 pulgadas,Herramientas manuales,5,9.29,46.45,46.45,0.0,5.4,3.89,19.45,0.4187,85
2025-09-30,2025-09,2025,9,2025Q3,P031,Lija al agua grano 220,Pinturas,3,1.02,3.06,3.06,0.0,0.55,0.47,1.41,0.4608,320
2025-09-30,2025-09,2025,9,2025Q3,P032,Thinner acrílico 1 L,Pinturas,1,12.97,12.97,12.97,0.0,8.9,4.07,4.07,0.3138,70
2025-09-30,2025-09,2025,9,2025Q3,P050,Tornillo autoperforante 3/4 ciento,Tornillería y fijaciones,2,8.96,17.92,17.92,0.0,5.2,3.76,7.52,0.4196,130
2025-09-30,2025-09,2025,9,2025Q3,P054,Tuerca hexagonal 1/4 ciento,Tornillería y fijaciones,2,9.76,19.52,19.52,0.0,6.0,3.76,7.52,0.3852,75
2025-10-01,2025-10,2025,10,2025Q4,P018,Arena fina saco 40 kg,Materiales de construcción,8,9.72,77.76,77.76,0.0,7.6,2.12,16.96,0.2181,120
2025-10-01,2025-10,2025,10,2025Q4,P021,Ladrillo pandereta unidad,Materiales de construcción,15,0.99,14.85,14.85,0.0,0.82,0.17,2.55,0.1717,900
2025-10-01,2025-10,2025,10,2025Q4,P021,Ladrillo pandereta unidad,Materiales de construcción,6,1.02,6.12,6.12,0.0,0.82,0.2,1.2,0.1961,900
2025-10-01,2025-10,2025,10,2025Q4,P031,Lija al agua grano 220,Pinturas,1,1.04,1.04,1.04,0.0,0.55,0.49,0.49,0.4712,320
2025-10-01,2025-10,2025,10,2025Q4,P049,Tornillo drywall 1 pulgada ciento,Tornillería y fijaciones,8,8.48,67.84,67.84,0.0,4.8,3.68,29.44,0.434,145
2025-10-02,2025-10,2025,10,2025Q4,P003,Destornillador plano 6 pulgadas,Herramientas manuales,4,9.05,36.2,36.2,0.0,5.4,3.65,14.6,0.4033,85
2025-10-02,2025-10,2025,10,2025Q4,P057,Guante de seguridad latex par,Seguridad industrial,5,6.84,34.2,34.2,0.0,4.3,2.54,12.7,0.3713,150
2025-10-02,2025-10,2025,10,2025Q4,P052,Perno hexagonal 1/4 ciento,Tornillería y fijaciones,1,19.83,19.83,19.83,0.0,12.5,7.33,7.33,0.3696,58
2025-10-02,2025-10,2025,10,2025Q4,P025,Pintura látex blanca 1 gl,Pinturas,4,47.05,188.2,188.2,0.0,34.0,13.05,52.2,0.2774,38
2025-10-03,2025-10,2025,10,2025Q4,P038,Breaker termomagnético 20A,Electricidad,2,33.39,66.78,66.78,0.0,24.0,9.39,18.78,0.2812,36
2025-10-04,2025-10,2025,10,2025Q4,P017,Cemento bolsa 42.5 kg,Materiales de construcción,10,29.34,293.4,293.4,0.0,24.0,5.34,53.4,0.182,96
2025-10-04,2025-10,2025,10,2025Q4,P057,Guante de seguridad latex par,Seguridad industrial,5,6.84,34.2,34.2,0.0,4.3,2.54,12.7,0.3713,150
2025-10-04,2025-10,2025,10,2025Q4,P034,Interruptor simple empotrable,Electricidad,2,8.96,17.92,17.92,0.0,5.8,3.16,6.32,0.3527,95
2025-10-04,2025-10,2025,10,2025Q4,P034,Interruptor simple empotrable,Electricidad,1,9.03,9.03,9.03,0.0,5.8,3.23,3.23,0.3577,95
2025-10-04,2025-10,2025,10,2025Q4,P046,Trampa lavatorio PVC,Gasfitería,1,12.6,12.6,12.6,0.0,8.5,4.1,4.1,0.3254,44
2025-10-04,2025-10,2025,10,2025Q4,P020,Yeso bolsa 20 kg,Materiales de construcción,4,14.06,56.24,56.24,0.0,10.8,3.26,13.04,0.2319,55
2025-10-05,2025-10,2025,10,2025Q4,P002,Alicate universal 8 pulgadas,Herramientas manuales,5,23.79,118.95,118.95,0.0,16.2,7.59,37.95,0.319,42
2025-10-05,2025-10,2025,10,2025Q4,P033,Cable THW 12 AWG metro,Electricidad,10,3.73,37.3,37.3,0.0,2.4,1.33,13.3,0.3566,420
2025-10-05,2025-10,2025,10,2025Q4,P036,Cinta aislante negra,Electricidad,2,3.52,7.04,7.04,0.0,2.1,1.42,2.84,0.4034,160
2025-10-05,2025-10,2025,10,2025Q4,P054,Tuerca hexagonal 1/4 ciento,Tornillería y fijaciones,5,10.1,50.5,50.5,0.0,6.0,4.1,20.5,0.4059,75
2025-10-06,2025-10,2025,10,2025Q4,P059,Casco de seguridad amarillo,Seguridad industrial,2,24.0,48.0,48.0,0.0,16.5,7.5,15.0,0.3125,32
2025-10-06,2025-10,2025,10,2025Q4,P017,Cemento bolsa 42.5 kg,Materiales de construcción,5,29.76,148.8,148.8,0.0,24.0,5.76,28.8,0.1935,96
2025-10-06,2025-10,2025,10,2025Q4,P060,Mascarilla KN95 unidad,Seguridad industrial,3,2.66,7.98,7.98,0.0,1.6,1.06,3.18,0.3985,260
2025-10-06,2025-10,2025,10,2025Q4,P049,Tornillo drywall 1 pulgada ciento,Tornillería y fijaciones,2,8.51,17.02,17.02,0.0,4.8,3.71,7.42,0.436,145
2025-10-06,2025-10,2025,10,2025Q4,P041,Tubo PVC agua 1/2 pulgada,Gasfitería,10,7.57,75.7,75.7,0.0,5.4,2.17,21.7,0.2867,130
2025-10-07,2025-10,2025,10,2025Q4,P044,Cinta teflón 12 mm,Gasfitería,2,1.96,3.92,3.92,0.0,1.1,0.86,1.72,0.4388,210
2025-10-07,2025-10,2025,10,2025Q4,P070,Fertilizante universal 1 kg,Jardinería,1,14.54,14.54,14.54,0.0,9.8,4.74,4.74,0.326,52
2025-10-07,2025-10,2025,10,2025Q4,P046,Trampa lavatorio PVC,Gasfitería,2,12.96,25.92,25.92,0.0,8.5,4.46,8.92,0.3441,44
2025-10-08,2025-10,2025,10,2025Q4,P027,Esmalte sintético negro 1/4 gl,Pinturas,4,25.11,100.44,100.44,0.0,18.0,7.11,28.44,0.2832,45
2025-10-09,2025-10,2025,10,2025Q4,P017,Cemento bolsa 42.5 kg,Materiales de construcción,12,30.69,368.28,368.28,0.0,24.0,6.69,80.28,0.218,96
2025-10-09,2025-10,2025,10,2025Q4,P060,Mascarilla KN95 unidad,Seguridad industrial,3,2.53,7.59,7.59,0.0,1.6,0.93,2.79,0.3676,260
2025-10-09,2025-10,2025,10,2025Q4,P067,Tijera de podar,Jardinería,2,31.73,63.46,63.46,0.0,22.0,9.73,19.46,0.3066,20
2025-10-10,2025-10,2025,10,2025Q4,P010,Amoladora angular 4.5 pulgadas,Herramientas eléctricas,1,153.89,153.89,153.89,0.0,118.0,35.89,35.89,0.2332,7
2025-10-10,2025-10,2025,10,2025Q4,P033,Cable THW 12 AWG metro,Electricidad,10,3.73,37.3,37.3,0.0,2.4,1.33,13.3,0.3566,420
2025-10-10,2025-10,2025,10,2025Q4,P017,Cemento bolsa 42.5 kg,Materiales de construcción,4,29.09,116.36,116.36,0.0,24.0,5.09,20.36,0.175,96
2025-10-10,2025-10,2025,10,2025Q4,P042,Codo PVC 1/2 pulgada,Gasfitería,4,1.53,6.12,6.12,0.0,0.95,0.58,2.32,0.3791,260
2025-10-11,2025-10,2025,10,2025Q4,P033,Cable THW 12 AWG metro,Electricidad,15,3.75,56.25,56.25,0.0,2.4,1.35,20.25,0.36,420
2025-10-11,2025-10,2025,10,2025Q4,P057,Guante de seguridad latex par,Seguridad industrial,1,6.55,6.55,6.55,0.0,4.3,2.25,2.25,0.3435,150
2025-10-11,2025-10,2025,10,2025Q4,P004,Juego de llaves mixtas 8 piezas,Herramientas manuales,1,58.72,58.72,58.72,0.0,42.0,16.72,16.72,0.2847,18
2025-10-11,2025-10,2025,10,2025Q4,P043,Llave esférica 1/2 pulgada,Gasfitería,2,15.07,30.14,30.14,0.0,9.8,5.27,10.54,0.3497,74
2025-10-11,2025-10,2025,10,2025Q4,P045,Pegamento PVC 1/4 gl,Gasfitería,2,16.52,33.04,33.04,0.0,11.6,4.92,9.84,0.2978,58
2025-10-12,2025-10,2025,10,2025Q4,P042,Codo PVC 1/2 pulgada,Gasfitería,3,1.53,4.59,4.59,0.0,0.95,0.58,1.74,0.3791,260
2025-10-12,2025-10,2025,10,2025Q4,P041,Tubo PVC agua 1/2 pulgada,Gasfitería,3,7.69,23.07,23.07,0.0,5.4,2.29,6.87,0.2978,130
2025-10-13,2025-10,2025,10,2025Q4,P022,Alambre recocido kg,Materiales de construcción,3,9.17,27.51,27.51,0.0,6.9,2.27,6.81,0.2475,75
2025-10-13,2025-10,2025,10,2025Q4,P038,Breaker termomagnético 20A,Electricidad,1,32.45,32.45,32.45,0.0,24.0,8.45,8.45,0.2604,36
2025-10-13,2025-10,2025,10,2025Q4,P037,Foco LED 9W luz fría,Electricidad,4,7.12,28.48,28.48,0.0,4.8,2.32,9.28,0.3258,140
2025-10-13,2025-10,2025,10,2025Q4,P034,Interruptor simple empotrable,Electricidad,8,9.09,72.72,72.72,0.0,5.8,3.29,26.32,0.3619,95
2025-10-13,2025-10,2025,10,2025Q4,P058,Lente de seguridad transparente,Seguridad industrial,4,9.4,37.6,37.6,0.0,6.4,3.0,12.0,0.3191,95
2025-10-14,2025-10,2025,10,2025Q4,P003,Destornillador plano 6 pulgadas,Herramientas manuales,1,9.12,9.12,9.12,0.0,5.4,3.72,3.72,0.4079,85
2025-10-14,2025-10,2025,10,2025Q4,P057,Guante de seguridad latex par,Seguridad industrial,3,6.53,19.59,19.59,0.0,4.3,2.23,6.69,0.3415,150
2025-10-14,2025-10,2025,10,2025Q4,P031,Lija al agua grano 220,Pinturas,2,0.99,1.98,1.98,0.0,0.55,0.44,0.88,0.4444,320
2025-10-14,2025-10,2025,10,2025Q4,P043,Llave esférica 1/2 pulgada,Gasfitería,5,14.89,74.45,74.45,0.0,9.8,5.09,25.45,0.3418,74
2025-10-14,2025-10,2025,10,2025Q4,P032,Thinner acrílico 1 L,Pinturas,4,12.78,51.12,51.12,0.0,8.9,3.88,15.52,0.3036,70
2025-10-15,2025-10,2025,10,2025Q4,P033,Cable THW 12 AWG metro,Electricidad,2,3.54,7.08,7.08,0.0,2.4,1.14,2.28,0.322,420
2025-10-15,2025-10,2025,10,2025Q4,P037,Foco LED 9W luz fría,Electricidad,4,7.31,29.24,29.24,0.0,4.8,2.51,10.04,0.3434,140
2025-10-15,2025-10,2025,10,2025Q4,P051,Tarugo plástico 6 mm ciento,Tornillería y fijaciones,1,5.74,5.74,5.74,0.0,3.1,2.64,2.64,0.4599,180
2025-10-15,2025-10,2025,10,2025Q4,P049,Tornillo drywall 1 pulgada ciento,Tornillería y fijaciones,1,8.21,8.21,8.21,0.0,4.8,3.41,3.41,0.4153,145
2025-10-16,2025-10,2025,10,2025Q4,P028,Base selladora 1 gl,Pinturas,4,38.59,154.36,154.36,0.0,28.5,10.09,40.36,0.2615,28
2025-10-16,2025-10,2025,10,2025Q4,P033,Cable THW 12 AWG metro,Electricidad,1,3.57,3.57,3.57,0.0,2.4,1.17,1.17,0.3277,420
2025-10-16,2025-10,2025,10,2025Q4,P033,Cable THW 12 AWG metro,Electricidad,15,3.61,54.15,54.15,0.0,2.4,1.21,18.15,0.3352,420
2025-10-16,2025-10,2025,10,2025Q4,P044,Cinta teflón 12 mm,Gasfitería,8,2.01,16.08,16.08,0.0,1.1,0.91,7.28,0.4527,210
2025-10-16,2025-10,2025,10,2025Q4,P065,Manguera reforzada 15 m,Jardinería,2,46.73,93.46,93.46,0.0,34.0,12.73,25.46,0.2724,28
2025-10-16,2025-10,2025,10,2025Q4,P019,Pegamento cerámico 25 kg,Materiales de construcción,8,23.23,185.84,185.84,0.0,18.2,5.03,40.24,0.2165,68
2025-10-17,2025-10,2025,10,2025Q4,P018,Arena fina saco 40 kg,Materiales de construcción,8,9.48,75.84,75.84,0.0,7.6,1.88,15.04,0.1983,120
2025-10-17,2025-10,2025,10,2025Q4,P038,Breaker termomagnético 20A,Electricidad,1,34.76,34.76,34.76,0.0,24.0,10.76,10.76,0.3096,36
2025-10-17,2025-10,2025,10,2025Q4,P033,Cable THW 12 AWG metro,Electricidad,5,3.53,17.65,17.65,0.0,2.4,1.13,5.65,0.3201,420
2025-10-17,2025-10,2025,10,2025Q4,P017,Cemento bolsa 42.5 kg,Materiales de construcción,1,29.61,29.61,29.61,0.0,24.0,5.61,5.61,0.1895,96
2025-10-17,2025-10,2025,10,2025Q4,P003,Destornillador plano 6 pulgadas,Herramientas manuales,4,9.05,36.2,36.2,0.0,5.4,3.65,14.6,0.4033,85
2025-10-17,2025-10,2025,10,2025Q4,P034,Interruptor simple empotrable,Electricidad,1,9.09,9.09,9.09,0.0,5.8,3.29,3.29,0.3619,95
2025-10-17,2025-10,2025,10,2025Q4,P021,Ladrillo pandereta unidad,Materiales de construcción,3,1.02,3.06,3.06,0.0,0.82,0.2,0.6,0.1961,900
2025-10-17,2025-10,2025,10,2025Q4,P019,Pegamento cerámico 25 kg,Materiales de construcción,6,24.16,144.96,144.96,0.0,18.2,5.96,35.76,0.2467,68
2025-10-17,2025-10,2025,10,2025Q4,P014,Rotomartillo SDS Plus,Herramientas eléctricas,2,444.43,888.86,888.86,0.0,335.0,109.43,218.86,0.2462,4
2025-10-18,2025-10,2025,10,2025Q4,P022,Alambre recocido kg,Materiales de construcción,1,8.82,8.82,8.82,0.0,6.9,1.92,1.92,0.2177,75
2025-10-18,2025-10,2025,10,2025Q4,P022,Alambre recocido kg,Materiales de construcción,2,8.94,17.88,17.88,0.0,6.9,2.04,4.08,0.2282,75
2025-10-18,2025-10,2025,10,2025Q4,P031,Lija al agua grano 220,Pinturas,4,0.98,3.92,3.92,0.0,0.55,0.43,1.72,0.4388,320
2025-10-18,2025-10,2025,10,2025Q4,P068,Pala jardinera,Jardinería,1,26.96,26.96,26.96,0.0,19.0,7.96,7.96,0.2953,19
2025-10-19,2025-10,2025,10,2025Q4,P010,Amoladora angular 4.5 pulgadas,Herramientas eléctricas,1,153.59,153.59,153.59,0.0,118.0,35.59,35.59,0.2317,7
2025-10-19,2025-10,2025,10,2025Q4,P039,Canaleta PVC 20x10 mm,Electricidad,1,4.67,4.67,4.67,0.0,3.2,1.47,1.47,0.3148,115
2025-10-19,2025-10,2025,10,2025Q4,P036,Cinta aislante negra,Electricidad,5,3.54,17.7,17.7,0.0,2.1,1.44,7.2,0.4068,160
2025-10-19,2025-10,2025,10,2025Q4,P043,Llave esférica 1/2 pulgada,Gasfitería,4,14.6,58.4,58.4,0.0,9.8,4.8,19.2,0.3288,74
2025-10-20,2025-10,2025,10,2025Q4,P002,Alicate universal 8 pulgadas,Herramientas manuales,5,24.67,123.35,123.35,0.0,16.2,8.47,42.35,0.3433,42
2025-10-20,2025-10,2025,10,2025Q4,P038,Breaker termomagnético 20A,Electricidad,10,34.66,346.6,346.6,0.0,24.0,10.66,106.6,0.3076,36
2025-10-20,2025-10,2025,10,2025Q4,P030,Brocha 2 pulgadas,Pinturas,3,7.42,22.26,22.26,0.0,4.2,3.22,9.66,0.434,100
2025-10-20,2025-10,2025,10,2025Q4,P017,Cemento bolsa 42.5 kg,Materiales de construcción,1,30.53,30.53,30.53,0.0,24.0,6.53,6.53,0.2139,96
2025-10-20,2025-10,2025,10,2025Q4,P001,Martillo de acero 16 oz,Herramientas manuales,2,26.41,52.82,52.82,0.0,18.5,7.91,15.82,0.2995,34
2025-10-20,2025-10,2025,10,2025Q4,P035,Tomacorriente doble,Electricidad,3,10.64,31.92,31.92,0.0,7.2,3.44,10.32,0.3233,87
2025-10-22,2025-10,2025,10,2025Q4,P039,Canaleta PVC 20x10 mm,Electricidad,2,4.5,9.0,9.0,0.0,3.2,1.3,2.6,0.2889,115
2025-10-22,2025-10,2025,10,2025Q4,P058,Lente de seguridad transparente,Seguridad industrial,2,9.47,18.94,18.94,0.0,6.4,3.07,6.14,0.3242,95
2025-10-22,2025-10,2025,10,2025Q4,P026,Pintura látex marfil 1 gl,Pinturas,4,47.03,188.12,188.12,0.0,33.5,13.53,54.12,0.2877,31
2025-10-22,2025-10,2025,10,2025Q4,P051,Tarugo plástico 6 mm ciento,Tornillería y fijaciones,3,5.37,16.11,16.11,0.0,3.1,2.27,6.81,0.4227,180
2025-10-23,2025-10,2025,10,2025Q4,P002,Alicate universal 8 pulgadas,Herramientas manuales,2,23.72,47.44,47.44,0.0,16.2,7.52,15.04,0.317,42
2025-10-23,2025-10,2025,10,2025Q4,P034,Interruptor simple empotrable,Electricidad,2,9.31,18.62,18.62,0.0,5.8,3.51,7.02,0.377,95
2025-10-23,2025-10,2025,10,2025Q4,P054,Tuerca hexagonal 1/4 ciento,Tornillería y fijaciones,1,10.06,10.06,10.06,0.0,6.0,4.06,4.06,0.4036,75
2025-10-24,2025-10,2025,10,2025Q4,P030,Brocha 2 pulgadas,Pinturas,1,7.28,7.28,7.28,0.0,4.2,3.08,3.08,0.4231,100
2025-10-24,2025-10,2025,10,2025Q4,P027,Esmalte sintético negro 1/4 gl,Pinturas,1,26.73,26.73,26.73,0.0,18.0,8.73,8.73,0.3266,45
2025-10-24,2025-10,2025,10,2025Q4,P037,Foco LED 9W luz fría,Electricidad,5,7.12,35.6,35.6,0.0,4.8,2.32,11.6,0.3258,140
2025-10-24,2025-10,2025,10,2025Q4,P001,Martillo de acero 16 oz,Herramientas manuales,3,27.96,83.88,83.88,0.0,18.5,9.46,28.38,0.3383,34
2025-10-24,2025-10,2025,10,2025Q4,P051,Tarugo plástico 6 mm ciento,Tornillería y fijaciones,2,5.41,10.82,10.82,0.0,3.1,2.31,4.62,0.427,180
2025-10-25,2025-10,2025,10,2025Q4,P057,Guante de seguridad latex par,Seguridad industrial,8,6.83,54.64,54.64,0.0,4.3,2.53,20.24,0.3704,150
2025-10-25,2025-10,2025,10,2025Q4,P043,Llave esférica 1/2 pulgada,Gasfitería,5,14.44,72.2,72.2,0.0,9.8,4.64,23.2,0.3213,74
2025-10-25,2025-10,2025,10,2025Q4,P008,Llave francesa 10 pulgadas,Herramientas manuales,4,37.49,149.96,149.96,0.0,28.0,9.49,37.96,0.2531,16
2025-10-26,2025-10,2025,10,2025Q4,P009,Taladro percutor 650W,Herramientas eléctricas,2,187.27,374.54,374.54,0.0,145.0,42.27,84.54,0.2257,9
2025-10-27,2025-10,2025,10,2025Q4,P030,Brocha 2 pulgadas,Pinturas,2,7.11,14.22,14.22,0.0,4.2,2.91,5.82,0.4093,100
2025-10-27,2025-10,2025,10,2025Q4,P017,Cemento bolsa 42.5 kg,Materiales de construcción,1,28.52,28.52,28.52,0.0,24.0,4.52,4.52,0.1585,96
2025-10-27,2025-10,2025,10,2025Q4,P036,Cinta aislante negra,Electricidad,2,3.57,7.14,7.14,0.0,2.1,1.47,2.94,0.4118,160
2025-10-27,2025-10,2025,10,2025Q4,P044,Cinta teflón 12 mm,Gasfitería,2,2.05,4.1,4.1,0.0,1.1,0.95,1.9,0.4634,210
2025-10-27,2025-10,2025,10,2025Q4,P037,Foco LED 9W luz fría,Electricidad,1,6.95,6.95,6.95,0.0,4.8,2.15,2.15,0.3094,140
2025-10-27,2025-10,2025,10,2025Q4,P034,Interruptor simple empotrable,Electricidad,3,9.12,27.36,27.36,0.0,5.8,3.32,9.96,0.364,95
2025-10-27,2025-10,2025,10,2025Q4,P026,Pintura látex marfil 1 gl,Pinturas,2,48.48,96.96,96.96,0.0,33.5,14.98,29.96,0.309,31
2025-10-27,2025-10,2025,10,2025Q4,P067,Tijera de podar,Jardinería,4,32.53,130.12,130.12,0.0,22.0,10.53,42.12,0.3237,20
2025-10-28,2025-10,2025,10,2025Q4,P017,Cemento bolsa 42.5 kg,Materiales de construcción,4,29.73,118.92,118.92,0.0,24.0,5.73,22.92,0.1927,96
2025-10-28,2025-10,2025,10,2025Q4,P044,Cinta teflón 12 mm,Gasfitería,6,1.94,11.64,11.64,0.0,1.1,0.84,5.04,0.433,210
2025-10-28,2025-10,2025,10,2025Q4,P001,Martillo de acero 16 oz,Herramientas manuales,2,27.07,54.14,54.14,0.0,18.5,8.57,17.14,0.3166,34
2025-10-28,2025-10,2025,10,2025Q4,P035,Tomacorriente doble,Electricidad,2,11.18,22.36,22.36,0.0,7.2,3.98,7.96,0.356,87
2025-10-28,2025-10,2025,10,2025Q4,P049,Tornillo drywall 1 pulgada ciento,Tornillería y fijaciones,5,8.21,41.05,41.05,0.0,4.8,3.41,17.05,0.4153,145
2025-10-29,2025-10,2025,10,2025Q4,P042,Codo PVC 1/2 pulgada,Gasfitería,3,1.58,4.74,4.74,0.0,0.95,0.63,1.89,0.3987,260
2025-10-29,2025-10,2025,10,2025Q4,P034,Interruptor simple empotrable,Electricidad,15,9.17,137.55,137.55,0.0,5.8,3.37,50.55,0.3675,95
2025-10-29,2025-10,2025,10,2025Q4,P021,Ladrillo pandereta unidad,Materiales de construcción,12,0.96,11.52,11.52,0.0,0.82,0.14,1.68,0.1458,900
2025-10-29,2025-10,2025,10,2025Q4,P021,Ladrillo pandereta unidad,Materiales de construcción,1,1.02,1.02,1.02,0.0,0.82,0.2,0.2,0.1961,900
2025-10-29,2025-10,2025,10,2025Q4,P001,Martillo de acero 16 oz,Herramientas manuales,2,26.94,53.88,53.88,0.0,18.5,8.44,16.88,0.3133,34
2025-10-30,2025-10,2025,10,2025Q4,P043,Llave esférica 1/2 pulgada,Gasfitería,2,14.23,28.46,28.46,0.0,9.8,4.43,8.86,0.3113,74
2025-10-30,2025-10,2025,10,2025Q4,P007,Nivel de burbuja 40 cm,Herramientas manuales,1,28.3,28.3,28.3,0.0,19.9,8.4,8.4,0.2968,19
2025-10-30,2025-10,2025,10,2025Q4,P054,Tuerca hexagonal 1/4 ciento,Tornillería y fijaciones,2,9.99,19.98,19.98,0.0,6.0,3.99,7.98,0.3994,75
2025-10-31,2025-10,2025,10,2025Q4,P071,Maceta plastica mediana,Jardinería,4,10.31,41.24,41.24,0.0,6.5,3.81,15.24,0.3695,80
2025-10-31,2025-10,2025,10,2025Q4,P029,Rodillo felpa 9 pulgadas,Pinturas,1,16.07,16.07,16.07,0.0,9.7,6.37,6.37,0.3964,62
2025-11-01,2025-11,2025,11,2025Q4,P036,Cinta aislante negra,Electricidad,3,3.4,10.2,10.2,0.0,2.1,1.3,3.9,0.3824,160
2025-11-01,2025-11,2025,11,2025Q4,P070,Fertilizante universal 1 kg,Jardinería,5,15.29,76.45,76.45,0.0,9.8,5.49,27.45,0.3591,52
2025-11-01,2025-11,2025,11,2025Q4,P068,Pala jardinera,Jardinería,1,27.87,27.87,27.87,0.0,19.0,8.87,8.87,0.3183,19
2025-11-01,2025-11,2025,11,2025Q4,P035,Tomacorriente doble,Electricidad,3,10.76,32.28,32.28,0.0,7.2,3.56,10.68,0.3309,87
2025-11-02,2025-11,2025,11,2025Q4,P057,Guante de seguridad latex par,Seguridad industrial,2,6.94,13.88,13.88,0.0,4.3,2.64,5.28,0.3804,150
2025-11-03,2025-11,2025,11,2025Q4,P018,Arena fina saco 40 kg,Materiales de construcción,2,9.49,18.98,18.98,0.0,7.6,1.89,3.78,0.1992,120
2025-11-03,2025-11,2025,11,2025Q4,P038,Breaker termomagnético 20A,Electricidad,5,32.8,164.0,164.0,0.0,24.0,8.8,44.0,0.2683,36
2025-11-03,2025-11,2025,11,2025Q4,P033,Cable THW 12 AWG metro,Electricidad,2,3.7,7.4,7.4,0.0,2.4,1.3,2.6,0.3514,420
2025-11-03,2025-11,2025,11,2025Q4,P061,Chaleco reflectivo,Seguridad industrial,2,17.64,35.28,35.28,0.0,11.8,5.84,11.68,0.3311,45
2025-11-03,2025-11,2025,11,2025Q4,P034,Interruptor simple empotrable,Electricidad,2,9.15,18.3,18.3,0.0,5.8,3.35,6.7,0.3661,95
2025-11-03,2025-11,2025,11,2025Q4,P001,Martillo de acero 16 oz,Herramientas manuales,2,27.97,55.94,55.94,0.0,18.5,9.47,18.94,0.3386,34
2025-11-03,2025-11,2025,11,2025Q4,P060,Mascarilla KN95 unidad,Seguridad industrial,1,2.35,2.35,2.35,0.0,1.6,0.75,0.75,0.3191,260
2025-11-04,2025-11,2025,11,2025Q4,P029,Rodillo felpa 9 pulgadas,Pinturas,2,15.82,31.64,31.64,0.0,9.7,6.12,12.24,0.3869,62
2025-11-04,2025-11,2025,11,2025Q4,P049,Tornillo drywall 1 pulgada ciento,Tornillería y fijaciones,3,8.61,25.83,25.83,0.0,4.8,3.81,11.43,0.4425,145
2025-11-05,2025-11,2025,11,2025Q4,P030,Brocha 2 pulgadas,Pinturas,2,6.95,13.9,13.9,0.0,4.2,2.75,5.5,0.3957,100
2025-11-05,2025-11,2025,11,2025Q4,P065,Manguera reforzada 15 m,Jardinería,4,49.24,196.96,196.96,0.0,34.0,15.24,60.96,0.3095,28
2025-11-05,2025-11,2025,11,2025Q4,P001,Martillo de acero 16 oz,Herramientas manuales,2,26.61,53.22,53.22,0.0,18.5,8.11,16.22,0.3048,34
2025-11-06,2025-11,2025,11,2025Q4,P028,Base selladora 1 gl,Pinturas,3,39.65,118.95,118.95,0.0,28.5,11.15,33.45,0.2812,28
2025-11-06,2025-11,2025,11,2025Q4,P033,Cable THW 12 AWG metro,Electricidad,8,3.65,29.2,29.2,0.0,2.4,1.25,10.0,0.3425,420
2025-11-06,2025-11,2025,11,2025Q4,P005,Cinta métrica 5 m,Herramientas manuales,5,12.73,63.65,63.65,0.0,8.8,3.93,19.65,0.3087,57
2025-11-06,2025-11,2025,11,2025Q4,P037,Foco LED 9W luz fría,Electricidad,3,7.13,21.39,21.39,0.0,4.8,2.33,6.99,0.3268,140
2025-11-06,2025-11,2025,11,2025Q4,P045,Pegamento PVC 1/4 gl,Gasfitería,2,16.98,33.96,33.96,0.0,11.6,5.38,10.76,0.3168,58
2025-11-07,2025-11,2025,11,2025Q4,P022,Alambre recocido kg,Materiales de construcción,10,8.96,89.6,89.6,0.0,6.9,2.06,20.6,0.2299,75
2025-11-07,2025-11,2025,11,2025Q4,P022,Alambre recocido kg,Materiales de construcción,3,8.86,26.58,26.58,0.0,6.9,1.96,5.88,0.2212,75
2025-11-07,2025-11,2025,11,2025Q4,P033,Cable THW 12 AWG metro,Electricidad,10,3.45,34.5,34.5,0.0,2.4,1.05,10.5,0.3043,420
2025-11-07,2025-11,2025,11,2025Q4,P044,Cinta teflón 12 mm,Gasfitería,1,1.94,1.94,1.94,0.0,1.1,0.84,0.84,0.433,210
2025-11-07,2025-11,2025,11,2025Q4,P001,Martillo de acero 16 oz,Herramientas manuales,2,26.01,52.02,52.02,0.0,18.5,7.51,15.02,0.2887,34
2025-11-07,2025-11,2025,11,2025Q4,P020,Yeso bolsa 20 kg,Materiales de construcción,20,14.12,282.4,282.4,0.0,10.8,3.32,66.4,0.2351,55
2025-11-08,2025-11,2025,11,2025Q4,P033,Cable THW 12 AWG metro,Electricidad,2,3.56,7.12,7.12,0.0,2.4,1.16,2.32,0.3258,420
2025-11-08,2025-11,2025,11,2025Q4,P044,Cinta teflón 12 mm,Gasfitería,1,1.98,1.98,1.98,0.0,1.1,0.88,0.88,0.4444,210
2025-11-08,2025-11,2025,11,2025Q4,P015,Compresora de aire 24 L,Herramientas eléctricas,1,544.53,544.53,544.53,0.0,430.0,114.53,114.53,0.2103,3
2025-11-08,2025-11,2025,11,2025Q4,P003,Destornillador plano 6 pulgadas,Herramientas manuales,3,8.72,26.16,26.16,0.0,5.4,3.32,9.96,0.3807,85
2025-11-08,2025-11,2025,11,2025Q4,P037,Foco LED 9W luz fría,Electricidad,2,7.29,14.58,14.58,0.0,4.8,2.49,4.98,0.3416,140
2025-11-08,2025-11,2025,11,2025Q4,P051,Tarugo plástico 6 mm ciento,Tornillería y fijaciones,4,5.75,23.0,23.0,0.0,3.1,2.65,10.6,0.4609,180
2025-11-09,2025-11,2025,11,2025Q4,P033,Cable THW 12 AWG metro,Electricidad,2,3.56,7.12,7.12,0.0,2.4,1.16,2.32,0.3258,420
2025-11-09,2025-11,2025,11,2025Q4,P042,Codo PVC 1/2 pulgada,Gasfitería,1,1.5,1.5,1.5,0.0,0.95,0.55,0.55,0.3667,260
2025-11-09,2025-11,2025,11,2025Q4,P004,Juego de llaves mixtas 8 piezas,Herramientas manuales,3,58.39,175.17,175.17,0.0,42.0,16.39,49.17,0.2807,18
2025-11-09,2025-11,2025,11,2025Q4,P065,Manguera reforzada 15 m,Jardinería,3,48.4,145.2,145.2,0.0,34.0,14.4,43.2,0.2975,28
2025-11-09,2025-11,2025,11,2025Q4,P035,Tomacorriente doble,Electricidad,8,10.95,87.6,87.6,0.0,7.2,3.75,30.0,0.3425,87
2025-11-10,2025-11,2025,11,2025Q4,P018,Arena fina saco 40 kg,Materiales de construcción,12,9.8,117.6,117.6,0.0,7.6,2.2,26.4,0.2245,120
2025-11-10,2025-11,2025,11,2025Q4,P030,Brocha 2 pulgadas,Pinturas,3,6.9,20.7,20.7,0.0,4.2,2.7,8.1,0.3913,100
2025-11-10,2025-11,2025,11,2025Q4,P012,Lijadora orbital 240W,Herramientas eléctricas,1,128.56,128.56,128.56,0.0,98.0,30.56,30.56,0.2377,11
2025-11-11,2025-11,2025,11,2025Q4,P030,Brocha 2 pulgadas,Pinturas,4,6.65,26.6,26.6,0.0,4.2,2.45,9.8,0.3684,100
2025-11-11,2025-11,2025,11,2025Q4,P036,Cinta aislante negra,Electricidad,8,3.66,29.28,29.28,0.0,2.1,1.56,12.48,0.4262,160
2025-11-11,2025-11,2025,11,2025Q4,P024,Impermeabilizante 4 L,Materiales de construcción,15,72.09,1081.35,1081.35,0.0,52.0,20.09,301.35,0.2787,24
2025-11-11,2025-11,2025,11,2025Q4,P071,Maceta plastica mediana,Jardinería,3,10.22,30.66,30.66,0.0,6.5,3.72,11.16,0.364,80
2025-11-11,2025-11,2025,11,2025Q4,P035,Tomacorriente doble,Electricidad,3,11.41,34.23,34.23,0.0,7.2,4.21,12.63,0.369,87
2025-11-11,2025-11,2025,11,2025Q4,P041,Tubo PVC agua 1/2 pulgada,Gasfitería,8,7.35,58.8,58.8,0.0,5.4,1.95,15.6,0.2653,130
2025-11-12,2025-11,2025,11,2025Q4,P018,Arena fina saco 40 kg,Materiales de construcción,4,9.71,38.84,38.84,0.0,7.6,2.11,8.44,0.2173,120
2025-11-12,2025-11,2025,11,2025Q4,P018,Arena fina saco 40 kg,Materiales de construcción,15,9.3,139.5,139.5,0.0,7.6,1.7,25.5,0.1828,120
2025-11-12,2025-11,2025,11,2025Q4,P029,Rodillo felpa 9 pulgadas,Pinturas,4,15.18,60.72,60.72,0.0,9.7,5.48,21.92,0.361,62
2025-11-12,2025-11,2025,11,2025Q4,P050,Tornillo autoperforante 3/4 ciento,Tornillería y fijaciones,5,9.16,45.8,45.8,0.0,5.2,3.96,19.8,0.4323,130
2025-11-13,2025-11,2025,11,2025Q4,P030,Brocha 2 pulgadas,Pinturas,1,6.91,6.91,6.91,0.0,4.2,2.71,2.71,0.3922,100
2025-11-13,2025-11,2025,11,2025Q4,P037,Foco LED 9W luz fría,Electricidad,10,6.93,69.3,69.3,0.0,4.8,2.13,21.3,0.3074,140
2025-11-13,2025-11,2025,11,2025Q4,P021,Ladrillo pandereta unidad,Materiales de construcción,8,0.98,7.84,7.84,0.0,0.82,0.16,1.28,0.1633,900
2025-11-13,2025-11,2025,11,2025Q4,P021,Ladrillo pandereta unidad,Materiales de construcción,3,0.96,2.88,2.88,0.0,0.82,0.14,0.42,0.1458,900
2025-11-13,2025-11,2025,11,2025Q4,P051,Tarugo plástico 6 mm ciento,Tornillería y fijaciones,2,5.73,11.46,11.46,0.0,3.1,2.63,5.26,0.459,180
2025-11-14,2025-11,2025,11,2025Q4,P072,Aspersor plástico regulable,Jardinería,4,16.76,67.04,67.04,0.0,12.0,4.76,19.04,0.284,30
2025-11-14,2025-11,2025,11,2025Q4,P017,Cemento bolsa 42.5 kg,Materiales de construcción,15,27.59,413.85,413.85,0.0,24.0,3.59,53.85,0.1301,96
2025-11-14,2025-11,2025,11,2025Q4,P023,Clavo para madera kg,Materiales de construcción,5,10.3,51.5,51.5,0.0,7.4,2.9,14.5,0.2816,63
2025-11-14,2025-11,2025,11,2025Q4,P027,Esmalte sintético negro 1/4 gl,Pinturas,1,26.66,26.66,26.66,0.0,18.0,8.66,8.66,0.3248,45
2025-11-15,2025-11,2025,11,2025Q4,P037,Foco LED 9W luz fría,Electricidad,4,7.08,28.32,28.32,0.0,4.8,2.28,9.12,0.322,140
2025-11-15,2025-11,2025,11,2025Q4,P021,Ladrillo pandereta unidad,Materiales de construcción,6,0.97,5.82,5.82,0.0,0.82,0.15,0.9,0.1546,900
2025-11-15,2025-11,2025,11,2025Q4,P051,Tarugo plástico 6 mm ciento,Tornillería y fijaciones,5,5.56,27.8,27.8,0.0,3.1,2.46,12.3,0.4424,180
2025-11-15,2025-11,2025,11,2025Q4,P049,Tornillo drywall 1 pulgada ciento,Tornillería y fijaciones,1,8.54,8.54,8.54,0.0,4.8,3.74,3.74,0.4379,145
2025-11-15,2025-11,2025,11,2025Q4,P020,Yeso bolsa 20 kg,Materiales de construcción,20,12.75,255.0,255.0,0.0,10.8,1.95,39.0,0.1529,55
2025-11-16,2025-11,2025,11,2025Q4,P036,Cinta aislante negra,Electricidad,1,3.47,3.47,3.47,0.0,2.1,1.37,1.37,0.3948,160
2025-11-16,2025-11,2025,11,2025Q4,P036,Cinta aislante negra,Electricidad,2,3.45,6.9,6.9,0.0,2.1,1.35,2.7,0.3913,160
2025-11-17,2025-11,2025,11,2025Q4,P033,Cable THW 12 AWG metro,Electricidad,3,3.61,10.83,10.83,0.0,2.4,1.21,3.63,0.3352,420
2025-11-17,2025-11,2025,11,2025Q4,P044,Cinta teflón 12 mm,Gasfitería,2,1.97,3.94,3.94,0.0,1.1,0.87,1.74,0.4416,210
2025-11-17,2025-11,2025,11,2025Q4,P058,Lente de seguridad transparente,Seguridad industrial,1,9.79,9.79,9.79,0.0,6.4,3.39,3.39,0.3463,95
2025-11-17,2025-11,2025,11,2025Q4,P001,Martillo de acero 16 oz,Herramientas manuales,2,27.75,55.5,55.5,0.0,18.5,9.25,18.5,0.3333,34
2025-11-18,2025-11,2025,11,2025Q4,P017,Cemento bolsa 42.5 kg,Materiales de construcción,4,29.37,117.48,117.48,0.0,24.0,5.37,21.48,0.1828,96
2025-11-18,2025-11,2025,11,2025Q4,P023,Clavo para madera kg,Materiales de construcción,4,9.74,38.96,38.96,0.0,7.4,2.34,9.36,0.2402,63
2025-11-18,2025-11,2025,11,2025Q4,P057,Guante de seguridad latex par,Seguridad industrial,8,6.84,54.72,54.72,0.0,4.3,2.54,20.32,0.3713,150
2025-11-18,2025-11,2025,11,2025Q4,P065,Manguera reforzada 15 m,Jardinería,5,47.73,238.65,238.65,0.0,34.0,13.73,68.65,0.2877,28
2025-11-18,2025-11,2025,11,2025Q4,P051,Tarugo plástico 6 mm ciento,Tornillería y fijaciones,1,5.5,5.5,5.5,0.0,3.1,2.4,2.4,0.4364,180
2025-11-19,2025-11,2025,11,2025Q4,P019,Pegamento cerámico 25 kg,Materiales de construcción,6,24.03,144.18,144.18,0.0,18.2,5.83,34.98,0.2426,68
2025-11-19,2025-11,2025,11,2025Q4,P066,Regadera plástica 10 L,Jardinería,3,26.04,78.12,78.12,0.0,18.5,7.54,22.62,0.2896,24
2025-11-20,2025-11,2025,11,2025Q4,P013,Atornillador inalámbrico 12V,Herramientas eléctricas,1,177.81,177.81,177.81,0.0,132.0,45.81,45.81,0.2576,8
2025-11-20,2025-11,2025,11,2025Q4,P030,Brocha 2 pulgadas,Pinturas,2,6.96,13.92,13.92,0.0,4.2,2.76,5.52,0.3966,100
2025-11-20,2025-11,2025,11,2025Q4,P060,Mascarilla KN95 unidad,Seguridad industrial,1,2.32,2.32,2.32,0.0,1.6,0.72,0.72,0.3103,260
2025-11-20,2025-11,2025,11,2025Q4,P051,Tarugo plástico 6 mm ciento,Tornillería y fijaciones,1,5.44,5.44,5.44,0.0,3.1,2.34,2.34,0.4301,180
2025-11-21,2025-11,2025,11,2025Q4,P002,Alicate universal 8 pulgadas,Herramientas manuales,3,24.88,74.64,74.64,0.0,16.2,8.68,26.04,0.3489,42
2025-11-21,2025-11,2025,11,2025Q4,P018,Arena fina saco 40 kg,Materiales de construcción,15,9.29,139.35,139.35,0.0,7.6,1.69,25.35,0.1819,120
2025-11-21,2025-11,2025,11,2025Q4,P028,Base selladora 1 gl,Pinturas,2,39.21,78.42,78.42,0.0,28.5,10.71,21.42,0.2731,28
2025-11-21,2025-11,2025,11,2025Q4,P017,Cemento bolsa 42.5 kg,Materiales de construcción,20,30.3,606.0,606.0,0.0,24.0,6.3,126.0,0.2079,96
2025-11-21,2025-11,2025,11,2025Q4,P005,Cinta métrica 5 m,Herramientas manuales,1,13.41,13.41,13.41,0.0,8.8,4.61,4.61,0.3438,57
2025-11-21,2025-11,2025,11,2025Q4,P042,Codo PVC 1/2 pulgada,Gasfitería,10,1.53,15.3,15.3,0.0,0.95,0.58,5.8,0.3791,260
2025-11-21,2025-11,2025,11,2025Q4,P003,Destornillador plano 6 pulgadas,Herramientas manuales,1,8.61,8.61,8.61,0.0,5.4,3.21,3.21,0.3728,85
2025-11-21,2025-11,2025,11,2025Q4,P003,Destornillador plano 6 pulgadas,Herramientas manuales,1,8.67,8.67,8.67,0.0,5.4,3.27,3.27,0.3772,85
2025-11-21,2025-11,2025,11,2025Q4,P070,Fertilizante universal 1 kg,Jardinería,1,15.34,15.34,15.34,0.0,9.8,5.54,5.54,0.3611,52
2025-11-21,2025-11,2025,11,2025Q4,P034,Interruptor simple empotrable,Electricidad,4,8.67,34.68,34.68,0.0,5.8,2.87,11.48,0.331,95
2025-11-21,2025-11,2025,11,2025Q4,P031,Lija al agua grano 220,Pinturas,2,1.01,2.02,2.02,0.0,0.55,0.46,0.92,0.4554,320
2025-11-21,2025-11,2025,11,2025Q4,P001,Martillo de acero 16 oz,Herramientas manuales,1,27.33,27.33,27.33,0.0,18.5,8.83,8.83,0.3231,34
2025-11-21,2025-11,2025,11,2025Q4,P051,Tarugo plástico 6 mm ciento,Tornillería y fijaciones,1,5.28,5.28,5.28,0.0,3.1,2.18,2.18,0.4129,180
2025-11-21,2025-11,2025,11,2025Q4,P049,Tornillo drywall 1 pulgada ciento,Tornillería y fijaciones,1,7.95,7.95,7.95,0.0,4.8,3.15,3.15,0.3962,145
2025-11-22,2025-11,2025,11,2025Q4,P010,Amoladora angular 4.5 pulgadas,Herramientas eléctricas,2,142.68,285.36,285.36,0.0,118.0,24.68,49.36,0.173,7
2025-11-22,2025-11,2025,11,2025Q4,P017,Cemento bolsa 42.5 kg,Materiales de construcción,12,28.76,345.12,345.12,0.0,24.0,4.76,57.12,0.1655,96
2025-11-22,2025-11,2025,11,2025Q4,P019,Pegamento cerámico 25 kg,Materiales de construcción,8,23.43,187.44,187.44,0.0,18.2,5.23,41.84,0.2232,68
2025-11-23,2025-11,2025,11,2025Q4,P013,Atornillador inalámbrico 12V,Herramientas eléctricas,3,171.15,513.45,513.45,0.0,132.0,39.15,117.45,0.2287,8
2025-11-23,2025-11,2025,11,2025Q4,P017,Cemento bolsa 42.5 kg,Materiales de construcción,12,29.97,359.64,359.64,0.0,24.0,5.97,71.64,0.1992,96
2025-11-23,2025-11,2025,11,2025Q4,P003,Destornillador plano 6 pulgadas,Herramientas manuales,2,9.14,18.28,18.28,0.0,5.4,3.74,7.48,0.4092,85
2025-11-23,2025-11,2025,11,2025Q4,P026,Pintura látex marfil 1 gl,Pinturas,4,47.02,188.08,188.08,0.0,33.5,13.52,54.08,0.2875,31
2025-11-24,2025-11,2025,11,2025Q4,P022,Alambre recocido kg,Materiales de construcción,4,9.21,36.84,36.84,0.0,6.9,2.31,9.24,0.2508,75
2025-11-24,2025-11,2025,11,2025Q4,P002,Alicate universal 8 pulgadas,Herramientas manuales,1,23.6,23.6,23.6,0.0,16.2,7.4,7.4,0.3136,42
2025-11-24,2025-11,2025,11,2025Q4,P018,Arena fina saco 40 kg,Materiales de construcción,1,9.75,9.75,9.75,0.0,7.6,2.15,2.15,0.2205,120
2025-11-24,2025-11,2025,11,2025Q4,P005,Cinta métrica 5 m,Herramientas manuales,4,12.31,49.24,49.24,0.0,8.8,3.51,14.04,0.2851,57
2025-11-24,2025-11,2025,11,2025Q4,P031,Lija al agua grano 220,Pinturas,1,1.0,1.0,1.0,0.0,0.55,0.45,0.45,0.45,320
2025-11-24,2025-11,2025,11,2025Q4,P065,Manguera reforzada 15 m,Jardinería,3,48.7,146.1,146.1,0.0,34.0,14.7,44.1,0.3018,28
2025-11-24,2025-11,2025,11,2025Q4,P019,Pegamento cerámico 25 kg,Materiales de construcción,10,23.29,232.9,232.9,0.0,18.2,5.09,50.9,0.2185,68
2025-11-24,2025-11,2025,11,2025Q4,P035,Tomacorriente doble,Electricidad,4,11.35,45.4,45.4,0.0,7.2,4.15,16.6,0.3656,87
2025-11-25,2025-11,2025,11,2025Q4,P061,Chaleco reflectivo,Seguridad industrial,8,17.8,142.4,142.4,0.0,11.8,6.0,48.0,0.3371,45
2025-11-25,2025-11,2025,11,2025Q4,P042,Codo PVC 1/2 pulgada,Gasfitería,10,1.54,15.4,15.4,0.0,0.95,0.59,5.9,0.3831,260
2025-11-25,2025-11,2025,11,2025Q4,P003,Destornillador plano 6 pulgadas,Herramientas manuales,2,8.81,17.62,17.62,0.0,5.4,3.41,6.82,0.3871,85
2025-11-25,2025-11,2025,11,2025Q4,P050,Tornillo autoperforante 3/4 ciento,Tornillería y fijaciones,10,9.26,92.6,92.6,0.0,5.2,4.06,40.6,0.4384,130
2025-11-25,2025-11,2025,11,2025Q4,P049,Tornillo drywall 1 pulgada ciento,Tornillería y fijaciones,5,8.5,42.5,42.5,0.0,4.8,3.7,18.5,0.4353,145
2025-11-26,2025-11,2025,11,2025Q4,P018,Arena fina saco 40 kg,Materiales de construcción,5,9.74,48.7,48.7,0.0,7.6,2.14,10.7,0.2197,120
2025-11-26,2025-11,2025,11,2025Q4,P030,Brocha 2 pulgadas,Pinturas,3,7.01,21.03,21.03,0.0,4.2,2.81,8.43,0.4009,100
2025-11-26,2025-11,2025,11,2025Q4,P027,Esmalte sintético negro 1/4 gl,Pinturas,2,26.8,53.6,53.6,0.0,18.0,8.8,17.6,0.3284,45
2025-11-26,2025-11,2025,11,2025Q4,P037,Foco LED 9W luz fría,Electricidad,10,7.38,73.8,73.8,0.0,4.8,2.58,25.8,0.3496,140
2025-11-27,2025-11,2025,11,2025Q4,P039,Canaleta PVC 20x10 mm,Electricidad,1,4.41,4.41,4.41,0.0,3.2,1.21,1.21,0.2744,115
2025-11-27,2025-11,2025,11,2025Q4,P044,Cinta teflón 12 mm,Gasfitería,1,1.91,1.91,1.91,0.0,1.1,0.81,0.81,0.4241,210
2025-11-27,2025-11,2025,11,2025Q4,P037,Foco LED 9W luz fría,Electricidad,2,7.17,14.34,14.34,0.0,4.8,2.37,4.74,0.3305,140
2025-11-28,2025-11,2025,11,2025Q4,P018,Arena fina saco 40 kg,Materiales de construcción,6,9.3,55.8,55.8,0.0,7.6,1.7,10.2,0.1828,120
2025-11-28,2025-11,2025,11,2025Q4,P023,Clavo para madera kg,Materiales de construcción,3,9.61,28.83,28.83,0.0,7.4,2.21,6.63,0.23,63
2025-11-28,2025-11,2025,11,2025Q4,P003,Destornillador plano 6 pulgadas,Herramientas manuales,5,9.06,45.3,45.3,0.0,5.4,3.66,18.3,0.404,85
2025-11-28,2025-11,2025,11,2025Q4,P034,Interruptor simple empotrable,Electricidad,5,8.9,44.5,44.5,0.0,5.8,3.1,15.5,0.3483,95
2025-11-28,2025-11,2025,11,2025Q4,P052,Perno hexagonal 1/4 ciento,Tornillería y fijaciones,8,19.48,155.84,155.84,0.0,12.5,6.98,55.84,0.3583,58
2025-11-29,2025-11,2025,11,2025Q4,P053,Arandela plana 1/4 ciento,Tornillería y fijaciones,1,7.0,7.0,7.0,0.0,4.1,2.9,2.9,0.4143,92
2025-11-29,2025-11,2025,11,2025Q4,P005,Cinta métrica 5 m,Herramientas manuales,5,12.73,63.65,63.65,0.0,8.8,3.93,19.65,0.3087,57
2025-11-29,2025-11,2025,11,2025Q4,P058,Lente de seguridad transparente,Seguridad industrial,10,9.68,96.8,96.8,0.0,6.4,3.28,32.8,0.3388,95
2025-11-29,2025-11,2025,11,2025Q4,P029,Rodillo felpa 9 pulgadas,Pinturas,1,15.6,15.6,15.6,0.0,9.7,5.9,5.9,0.3782,62
2025-11-30,2025-11,2025,11,2025Q4,P033,Cable THW 12 AWG metro,Electricidad,15,3.76,56.4,56.4,0.0,2.4,1.36,20.4,0.3617,420
2025-11-30,2025-11,2025,11,2025Q4,P027,Esmalte sintético negro 1/4 gl,Pinturas,3,26.96,80.88,80.88,0.0,18.0,8.96,26.88,0.3323,45
2025-11-30,2025-11,2025,11,2025Q4,P043,Llave esférica 1/2 pulgada,Gasfitería,2,14.57,29.14,29.14,0.0,9.8,4.77,9.54,0.3274,74
2025-11-30,2025-11,2025,11,2025Q4,P001,Martillo de acero 16 oz,Herramientas manuales,1,26.9,26.9,26.9,0.0,18.5,8.4,8.4,0.3123,34
2025-11-30,2025-11,2025,11,2025Q4,P029,Rodillo felpa 9 pulgadas,Pinturas,6,16.18,97.08,97.08,0.0,9.7,6.48,38.88,0.4005,62
2025-12-01,2025-12,2025,12,2025Q4,P002,Alicate universal 8 pulgadas,Herramientas manuales,5,24.19,120.95,120.95,0.0,16.2,7.99,39.95,0.3303,42
2025-12-01,2025-12,2025,12,2025Q4,P030,Brocha 2 pulgadas,Pinturas,3,7.14,21.42,21.42,0.0,4.2,2.94,8.82,0.4118,100
2025-12-01,2025-12,2025,12,2025Q4,P065,Manguera reforzada 15 m,Jardinería,4,49.38,197.52,197.52,0.0,34.0,15.38,61.52,0.3115,28
2025-12-01,2025-12,2025,12,2025Q4,P029,Rodillo felpa 9 pulgadas,Pinturas,1,15.72,15.72,15.72,0.0,9.7,6.02,6.02,0.383,62
2025-12-02,2025-12,2025,12,2025Q4,P022,Alambre recocido kg,Materiales de construcción,12,8.74,104.88,104.88,0.0,6.9,1.84,22.08,0.2105,75
2025-12-02,2025-12,2025,12,2025Q4,P030,Brocha 2 pulgadas,Pinturas,2,7.05,14.1,14.1,0.0,4.2,2.85,5.7,0.4043,100
2025-12-02,2025-12,2025,12,2025Q4,P003,Destornillador plano 6 pulgadas,Herramientas manuales,1,9.05,9.05,9.05,0.0,5.4,3.65,3.65,0.4033,85
2025-12-02,2025-12,2025,12,2025Q4,P070,Fertilizante universal 1 kg,Jardinería,2,15.09,30.18,30.18,0.0,9.8,5.29,10.58,0.3506,52
2025-12-02,2025-12,2025,12,2025Q4,P058,Lente de seguridad transparente,Seguridad industrial,1,9.37,9.37,9.37,0.0,6.4,2.97,2.97,0.317,95
2025-12-02,2025-12,2025,12,2025Q4,P032,Thinner acrílico 1 L,Pinturas,2,13.47,26.94,26.94,0.0,8.9,4.57,9.14,0.3393,70
2025-12-03,2025-12,2025,12,2025Q4,P002,Alicate universal 8 pulgadas,Herramientas manuales,5,24.29,121.45,121.45,0.0,16.2,8.09,40.45,0.3331,42
2025-12-03,2025-12,2025,12,2025Q4,P010,Amoladora angular 4.5 pulgadas,Herramientas eléctricas,1,158.76,158.76,158.76,0.0,118.0,40.76,40.76,0.2567,7
2025-12-03,2025-12,2025,12,2025Q4,P018,Arena fina saco 40 kg,Materiales de construcción,12,8.98,107.76,107.76,0.0,7.6,1.38,16.56,0.1537,120
2025-12-03,2025-12,2025,12,2025Q4,P028,Base selladora 1 gl,Pinturas,2,40.13,80.26,80.26,0.0,28.5,11.63,23.26,0.2898,28
2025-12-03,2025-12,2025,12,2025Q4,P030,Brocha 2 pulgadas,Pinturas,1,7.41,7.41,7.41,0.0,4.2,3.21,3.21,0.4332,100
2025-12-03,2025-12,2025,12,2025Q4,P009,Taladro percutor 650W,Herramientas eléctricas,1,193.08,193.08,193.08,0.0,145.0,48.08,48.08,0.249,9
2025-12-03,2025-12,2025,12,2025Q4,P049,Tornillo drywall 1 pulgada ciento,Tornillería y fijaciones,10,8.23,82.3,82.3,0.0,4.8,3.43,34.3,0.4168,145
2025-12-04,2025-12,2025,12,2025Q4,P033,Cable THW 12 AWG metro,Electricidad,5,3.52,17.6,17.6,0.0,2.4,1.12,5.6,0.3182,420
2025-12-04,2025-12,2025,12,2025Q4,P059,Casco de seguridad amarillo,Seguridad industrial,3,24.22,72.66,72.66,0.0,16.5,7.72,23.16,0.3187,32
2025-12-04,2025-12,2025,12,2025Q4,P020,Yeso bolsa 20 kg,Materiales de construcción,15,13.19,197.85,197.85,0.0,10.8,2.39,35.85,0.1812,55
2025-12-05,2025-12,2025,12,2025Q4,P022,Alambre recocido kg,Materiales de construcción,15,8.9,133.5,133.5,0.0,6.9,2.0,30.0,0.2247,75
2025-12-05,2025-12,2025,12,2025Q4,P030,Brocha 2 pulgadas,Pinturas,1,6.95,6.95,6.95,0.0,4.2,2.75,2.75,0.3957,100
2025-12-05,2025-12,2025,12,2025Q4,P059,Casco de seguridad amarillo,Seguridad industrial,4,24.9,99.6,99.6,0.0,16.5,8.4,33.6,0.3373,32
2025-12-05,2025-12,2025,12,2025Q4,P044,Cinta teflón 12 mm,Gasfitería,5,1.92,9.6,9.6,0.0,1.1,0.82,4.1,0.4271,210
2025-12-05,2025-12,2025,12,2025Q4,P070,Fertilizante universal 1 kg,Jardinería,5,14.87,74.35,74.35,0.0,9.8,5.07,25.35,0.341,52
2025-12-05,2025-12,2025,12,2025Q4,P034,Interruptor simple empotrable,Electricidad,1,9.36,9.36,9.36,0.0,5.8,3.56,3.56,0.3803,95
2025-12-05,2025-12,2025,12,2025Q4,P021,Ladrillo pandereta unidad,Materiales de construcción,3,1.0,3.0,3.0,0.0,0.82,0.18,0.54,0.18,900
2025-12-05,2025-12,2025,12,2025Q4,P021,Ladrillo pandereta unidad,Materiales de construcción,1,0.95,0.95,0.95,0.0,0.82,0.13,0.13,0.1368,900
2025-12-05,2025-12,2025,12,2025Q4,P019,Pegamento cerámico 25 kg,Materiales de construcción,10,23.54,235.4,235.4,0.0,18.2,5.34,53.4,0.2268,68
2025-12-06,2025-12,2025,12,2025Q4,P027,Esmalte sintético negro 1/4 gl,Pinturas,2,26.58,53.16,53.16,0.0,18.0,8.58,17.16,0.3228,45
2025-12-06,2025-12,2025,12,2025Q4,P021,Ladrillo pandereta unidad,Materiales de construcción,1,0.96,0.96,0.96,0.0,0.82,0.14,0.14,0.1458,900
2025-12-06,2025-12,2025,12,2025Q4,P058,Lente de seguridad transparente,Seguridad industrial,1,10.01,10.01,10.01,0.0,6.4,3.61,3.61,0.3606,95
2025-12-06,2025-12,2025,12,2025Q4,P045,Pegamento PVC 1/4 gl,Gasfitería,8,16.29,130.32,130.32,0.0,11.6,4.69,37.52,0.2879,58
2025-12-07,2025-12,2025,12,2025Q4,P059,Casco de seguridad amarillo,Seguridad industrial,8,24.1,192.8,192.8,0.0,16.5,7.6,60.8,0.3154,32
2025-12-07,2025-12,2025,12,2025Q4,P004,Juego de llaves mixtas 8 piezas,Herramientas manuales,2,61.16,122.32,122.32,0.0,42.0,19.16,38.32,0.3133,18
2025-12-07,2025-12,2025,12,2025Q4,P067,Tijera de podar,Jardinería,2,31.05,62.1,62.1,0.0,22.0,9.05,18.1,0.2915,20
2025-12-07,2025-12,2025,12,2025Q4,P049,Tornillo drywall 1 pulgada ciento,Tornillería y fijaciones,10,8.72,87.2,87.2,0.0,4.8,3.92,39.2,0.4495,145
2025-12-08,2025-12,2025,12,2025Q4,P059,Casco de seguridad amarillo,Seguridad industrial,1,23.82,23.82,23.82,0.0,16.5,7.32,7.32,0.3073,32
2025-12-08,2025-12,2025,12,2025Q4,P037,Foco LED 9W luz fría,Electricidad,1,6.94,6.94,6.94,0.0,4.8,2.14,2.14,0.3084,140
2025-12-08,2025-12,2025,12,2025Q4,P034,Interruptor simple empotrable,Electricidad,15,9.24,138.6,138.6,0.0,5.8,3.44,51.6,0.3723,95
2025-12-08,2025-12,2025,12,2025Q4,P032,Thinner acrílico 1 L,Pinturas,2,13.31,26.62,26.62,0.0,8.9,4.41,8.82,0.3313,70
2025-12-08,2025-12,2025,12,2025Q4,P067,Tijera de podar,Jardinería,2,31.69,63.38,63.38,0.0,22.0,9.69,19.38,0.3058,20
2025-12-09,2025-12,2025,12,2025Q4,P030,Brocha 2 pulgadas,Pinturas,2,7.14,14.28,14.28,0.0,4.2,2.94,5.88,0.4118,100
2025-12-09,2025-12,2025,12,2025Q4,P033,Cable THW 12 AWG metro,Electricidad,10,3.72,37.2,37.2,0.0,2.4,1.32,13.2,0.3548,420
2025-12-09,2025-12,2025,12,2025Q4,P061,Chaleco reflectivo,Seguridad industrial,2,17.99,35.98,35.98,0.0,11.8,6.19,12.38,0.3441,45
2025-12-09,2025-12,2025,12,2025Q4,P001,Martillo de acero 16 oz,Herramientas manuales,2,26.08,52.16,52.16,0.0,18.5,7.58,15.16,0.2906,34
2025-12-09,2025-12,2025,12,2025Q4,P025,Pintura látex blanca 1 gl,Pinturas,1,49.36,49.36,49.36,0.0,34.0,15.36,15.36,0.3112,38
2025-12-10,2025-12,2025,12,2025Q4,P030,Brocha 2 pulgadas,Pinturas,6,6.46,38.76,38.76,0.0,4.2,2.26,13.56,0.3498,100
2025-12-10,2025-12,2025,12,2025Q4,P005,Cinta métrica 5 m,Herramientas manuales,2,13.31,26.62,26.62,0.0,8.8,4.51,9.02,0.3388,57
2025-12-10,2025-12,2025,12,2025Q4,P042,Codo PVC 1/2 pulgada,Gasfitería,2,1.56,3.12,3.12,0.0,0.95,0.61,1.22,0.391,260
2025-12-10,2025-12,2025,12,2025Q4,P054,Tuerca hexagonal 1/4 ciento,Tornillería y fijaciones,5,10.18,50.9,50.9,0.0,6.0,4.18,20.9,0.4106,75
2025-12-11,2025-12,2025,12,2025Q4,P033,Cable THW 12 AWG metro,Electricidad,1,3.45,3.45,3.45,0.0,2.4,1.05,1.05,0.3043,420
2025-12-11,2025-12,2025,12,2025Q4,P042,Codo PVC 1/2 pulgada,Gasfitería,3,1.52,4.56,4.56,0.0,0.95,0.57,1.71,0.375,260
2025-12-11,2025-12,2025,12,2025Q4,P040,Tablero eléctrico 8 polos,Electricidad,15,81.48,1222.2,1222.2,0.0,62.0,19.48,292.2,0.2391,13
2025-12-12,2025-12,2025,12,2025Q4,P021,Ladrillo pandereta unidad,Materiales de construcción,6,0.98,5.88,5.88,0.0,0.82,0.16,0.96,0.1633,900
2025-12-12,2025-12,2025,12,2025Q4,P012,Lijadora orbital 240W,Herramientas eléctricas,1,132.92,132.92,132.92,0.0,98.0,34.92,34.92,0.2627,11
2025-12-12,2025-12,2025,12,2025Q4,P019,Pegamento cerámico 25 kg,Materiales de construcción,2,22.78,45.56,45.56,0.0,18.2,4.58,9.16,0.2011,68
2025-12-13,2025-12,2025,12,2025Q4,P053,Arandela plana 1/4 ciento,Tornillería y fijaciones,1,6.7,6.7,6.7,0.0,4.1,2.6,2.6,0.3881,92
2025-12-13,2025-12,2025,12,2025Q4,P036,Cinta aislante negra,Electricidad,4,3.63,14.52,14.52,0.0,2.1,1.53,6.12,0.4215,160
2025-12-13,2025-12,2025,12,2025Q4,P037,Foco LED 9W luz fría,Electricidad,15,7.06,105.9,105.9,0.0,4.8,2.26,33.9,0.3201,140
2025-12-13,2025-12,2025,12,2025Q4,P058,Lente de seguridad transparente,Seguridad industrial,2,9.31,18.62,18.62,0.0,6.4,2.91,5.82,0.3126,95
2025-12-14,2025-12,2025,12,2025Q4,P046,Trampa lavatorio PVC,Gasfitería,2,12.71,25.42,25.42,0.0,8.5,4.21,8.42,0.3312,44
2025-12-14,2025-12,2025,12,2025Q4,P041,Tubo PVC agua 1/2 pulgada,Gasfitería,4,7.85,31.4,31.4,0.0,5.4,2.45,9.8,0.3121,130
2025-12-15,2025-12,2025,12,2025Q4,P043,Llave esférica 1/2 pulgada,Gasfitería,4,14.55,58.2,58.2,0.0,9.8,4.75,19.0,0.3265,74
2025-12-15,2025-12,2025,12,2025Q4,P026,Pintura látex marfil 1 gl,Pinturas,6,48.6,291.6,291.6,0.0,33.5,15.1,90.6,0.3107,31
2025-12-15,2025-12,2025,12,2025Q4,P029,Rodillo felpa 9 pulgadas,Pinturas,6,15.73,94.38,94.38,0.0,9.7,6.03,36.18,0.3833,62
2025-12-15,2025-12,2025,12,2025Q4,P049,Tornillo drywall 1 pulgada ciento,Tornillería y fijaciones,10,7.75,77.5,77.5,0.0,4.8,2.95,29.5,0.3806,145
2025-12-15,2025-12,2025,12,2025Q4,P041,Tubo PVC agua 1/2 pulgada,Gasfitería,8,7.88,63.04,63.04,0.0,5.4,2.48,19.84,0.3147,130
2025-12-16,2025-12,2025,12,2025Q4,P033,Cable THW 12 AWG metro,Electricidad,10,3.49,34.9,34.9,0.0,2.4,1.09,10.9,0.3123,420
2025-12-16,2025-12,2025,12,2025Q4,P017,Cemento bolsa 42.5 kg,Materiales de construcción,10,27.76,277.6,277.6,0.0,24.0,3.76,37.6,0.1354,96
2025-12-16,2025-12,2025,12,2025Q4,P005,Cinta métrica 5 m,Herramientas manuales,5,14.11,70.55,70.55,0.0,8.8,5.31,26.55,0.3763,57
2025-12-16,2025-12,2025,12,2025Q4,P058,Lente de seguridad transparente,Seguridad industrial,8,9.0,72.0,72.0,0.0,6.4,2.6,20.8,0.2889,95
2025-12-16,2025-12,2025,12,2025Q4,P060,Mascarilla KN95 unidad,Seguridad industrial,5,2.58,12.9,12.9,0.0,1.6,0.98,4.9,0.3798,260
2025-12-16,2025-12,2025,12,2025Q4,P051,Tarugo plástico 6 mm ciento,Tornillería y fijaciones,4,5.42,21.68,21.68,0.0,3.1,2.32,9.28,0.428,180
2025-12-16,2025-12,2025,12,2025Q4,P050,Tornillo autoperforante 3/4 ciento,Tornillería y fijaciones,10,8.45,84.5,84.5,0.0,5.2,3.25,32.5,0.3846,130
2025-12-16,2025-12,2025,12,2025Q4,P041,Tubo PVC agua 1/2 pulgada,Gasfitería,5,7.62,38.1,38.1,0.0,5.4,2.22,11.1,0.2913,130
2025-12-17,2025-12,2025,12,2025Q4,P002,Alicate universal 8 pulgadas,Herramientas manuales,2,23.72,47.44,47.44,0.0,16.2,7.52,15.04,0.317,42
2025-12-17,2025-12,2025,12,2025Q4,P005,Cinta métrica 5 m,Herramientas manuales,5,13.8,69.0,69.0,0.0,8.8,5.0,25.0,0.3623,57
2025-12-17,2025-12,2025,12,2025Q4,P058,Lente de seguridad transparente,Seguridad industrial,10,9.39,93.9,93.9,0.0,6.4,2.99,29.9,0.3184,95
2025-12-17,2025-12,2025,12,2025Q4,P001,Martillo de acero 16 oz,Herramientas manuales,2,27.44,54.88,54.88,0.0,18.5,8.94,17.88,0.3258,34
2025-12-17,2025-12,2025,12,2025Q4,P011,Sierra circular 7 1/4 pulgadas,Herramientas eléctricas,1,348.84,348.84,348.84,0.0,265.0,83.84,83.84,0.2403,5
2025-12-17,2025-12,2025,12,2025Q4,P051,Tarugo plástico 6 mm ciento,Tornillería y fijaciones,4,5.41,21.64,21.64,0.0,3.1,2.31,9.24,0.427,180
2025-12-18,2025-12,2025,12,2025Q4,P056,Anclaje expansivo 3/8 unidad,Tornillería y fijaciones,8,2.75,22.0,22.0,0.0,1.8,0.95,7.6,0.3455,110
2025-12-18,2025-12,2025,12,2025Q4,P053,Arandela plana 1/4 ciento,Tornillería y fijaciones,10,7.1,71.0,71.0,0.0,4.1,3.0,30.0,0.4225,92
2025-12-18,2025-12,2025,12,2025Q4,P017,Cemento bolsa 42.5 kg,Materiales de construcción,1,30.41,30.41,30.41,0.0,24.0,6.41,6.41,0.2108,96
2025-12-18,2025-12,2025,12,2025Q4,P036,Cinta aislante negra,Electricidad,2,3.72,7.44,7.44,0.0,2.1,1.62,3.24,0.4355,160
2025-12-18,2025-12,2025,12,2025Q4,P003,Destornillador plano 6 pulgadas,Herramientas manuales,2,8.88,17.76,17.76,0.0,5.4,3.48,6.96,0.3919,85
2025-12-18,2025-12,2025,12,2025Q4,P003,Destornillador plano 6 pulgadas,Herramientas manuales,3,8.86,26.58,26.58,0.0,5.4,3.46,10.38,0.3905,85
2025-12-18,2025-12,2025,12,2025Q4,P031,Lija al agua grano 220,Pinturas,4,0.95,3.8,3.8,0.0,0.55,0.4,1.6,0.4211,320
2025-12-18,2025-12,2025,12,2025Q4,P071,Maceta plastica mediana,Jardinería,2,10.24,20.48,20.48,0.0,6.5,3.74,7.48,0.3652,80
2025-12-18,2025-12,2025,12,2025Q4,P001,Martillo de acero 16 oz,Herramientas manuales,2,26.67,53.34,53.34,0.0,18.5,8.17,16.34,0.3063,34
2025-12-19,2025-12,2025,12,2025Q4,P002,Alicate universal 8 pulgadas,Herramientas manuales,5,24.46,122.3,122.3,0.0,16.2,8.26,41.3,0.3377,42
2025-12-19,2025-12,2025,12,2025Q4,P036,Cinta aislante negra,Electricidad,4,3.46,13.84,13.84,0.0,2.1,1.36,5.44,0.3931,160
2025-12-19,2025-12,2025,12,2025Q4,P027,Esmalte sintético negro 1/4 gl,Pinturas,1,27.07,27.07,27.07,0.0,18.0,9.07,9.07,0.3351,45
2025-12-19,2025-12,2025,12,2025Q4,P071,Maceta plastica mediana,Jardinería,1,10.15,10.15,10.15,0.0,6.5,3.65,3.65,0.3596,80
2025-12-19,2025-12,2025,12,2025Q4,P035,Tomacorriente doble,Electricidad,10,10.65,106.5,106.5,0.0,7.2,3.45,34.5,0.3239,87
2025-12-19,2025-12,2025,12,2025Q4,P041,Tubo PVC agua 1/2 pulgada,Gasfitería,2,7.29,14.58,14.58,0.0,5.4,1.89,3.78,0.2593,130
2025-12-20,2025-12,2025,12,2025Q4,P056,Anclaje expansivo 3/8 unidad,Tornillería y fijaciones,10,2.91,29.1,29.1,0.0,1.8,1.11,11.1,0.3814,110
2025-12-20,2025-12,2025,12,2025Q4,P038,Breaker termomagnético 20A,Electricidad,4,32.36,129.44,129.44,0.0,24.0,8.36,33.44,0.2583,36
2025-12-20,2025-12,2025,12,2025Q4,P030,Brocha 2 pulgadas,Pinturas,1,7.09,7.09,7.09,0.0,4.2,2.89,2.89,0.4076,100
2025-12-20,2025-12,2025,12,2025Q4,P017,Cemento bolsa 42.5 kg,Materiales de construcción,12,29.65,355.8,355.8,0.0,24.0,5.65,67.8,0.1906,96
2025-12-20,2025-12,2025,12,2025Q4,P008,Llave francesa 10 pulgadas,Herramientas manuales,4,38.71,154.84,154.84,0.0,28.0,10.71,42.84,0.2767,16
2025-12-20,2025-12,2025,12,2025Q4,P001,Martillo de acero 16 oz,Herramientas manuales,1,27.48,27.48,27.48,0.0,18.5,8.98,8.98,0.3268,34
2025-12-20,2025-12,2025,12,2025Q4,P009,Taladro percutor 650W,Herramientas eléctricas,1,190.2,190.2,190.2,0.0,145.0,45.2,45.2,0.2376,9
2025-12-21,2025-12,2025,12,2025Q4,P017,Cemento bolsa 42.5 kg,Materiales de construcción,6,30.62,183.72,183.72,0.0,24.0,6.62,39.72,0.2162,96
2025-12-21,2025-12,2025,12,2025Q4,P042,Codo PVC 1/2 pulgada,Gasfitería,5,1.63,8.15,8.15,0.0,0.95,0.68,3.4,0.4172,260
2025-12-21,2025-12,2025,12,2025Q4,P052,Perno hexagonal 1/4 ciento,Tornillería y fijaciones,1,19.71,19.71,19.71,0.0,12.5,7.21,7.21,0.3658,58
2025-12-21,2025-12,2025,12,2025Q4,P025,Pintura látex blanca 1 gl,Pinturas,2,48.71,97.42,97.42,0.0,34.0,14.71,29.42,0.302,38
2025-12-22,2025-12,2025,12,2025Q4,P033,Cable THW 12 AWG metro,Electricidad,15,3.7,55.5,55.5,0.0,2.4,1.3,19.5,0.3514,420
2025-12-22,2025-12,2025,12,2025Q4,P031,Lija al agua grano 220,Pinturas,1,1.0,1.0,1.0,0.0,0.55,0.45,0.45,0.45,320
2025-12-22,2025-12,2025,12,2025Q4,P031,Lija al agua grano 220,Pinturas,2,1.06,2.12,2.12,0.0,0.55,0.51,1.02,0.4811,320
2025-12-23,2025-12,2025,12,2025Q4,P003,Destornillador plano 6 pulgadas,Herramientas manuales,1,9.17,9.17,9.17,0.0,5.4,3.77,3.77,0.4111,85
2025-12-23,2025-12,2025,12,2025Q4,P060,Mascarilla KN95 unidad,Seguridad industrial,10,2.51,25.1,25.1,0.0,1.6,0.91,9.1,0.3625,260
2025-12-23,2025-12,2025,12,2025Q4,P062,Protector auditivo tipo copa,Seguridad industrial,4,31.79,127.16,127.16,0.0,22.0,9.79,39.16,0.308,18
2025-12-23,2025-12,2025,12,2025Q4,P029,Rodillo felpa 9 pulgadas,Pinturas,4,15.57,62.28,62.28,0.0,9.7,5.87,23.48,0.377,62
2025-12-23,2025-12,2025,12,2025Q4,P049,Tornillo drywall 1 pulgada ciento,Tornillería y fijaciones,1,8.69,8.69,8.69,0.0,4.8,3.89,3.89,0.4476,145
2025-12-24,2025-12,2025,12,2025Q4,P010,Amoladora angular 4.5 pulgadas,Herramientas eléctricas,1,143.39,143.39,143.39,0.0,118.0,25.39,25.39,0.1771,7
2025-12-24,2025-12,2025,12,2025Q4,P010,Amoladora angular 4.5 pulgadas,Herramientas eléctricas,1,154.04,154.04,154.04,0.0,118.0,36.04,36.04,0.234,7
2025-12-24,2025-12,2025,12,2025Q4,P017,Cemento bolsa 42.5 kg,Materiales de construcción,4,30.8,123.2,123.2,0.0,24.0,6.8,27.2,0.2208,96
2025-12-24,2025-12,2025,12,2025Q4,P036,Cinta aislante negra,Electricidad,5,3.47,17.35,17.35,0.0,2.1,1.37,6.85,0.3948,160
2025-12-24,2025-12,2025,12,2025Q4,P003,Destornillador plano 6 pulgadas,Herramientas manuales,4,9.2,36.8,36.8,0.0,5.4,3.8,15.2,0.413,85
2025-12-24,2025-12,2025,12,2025Q4,P021,Ladrillo pandereta unidad,Materiales de construcción,12,0.98,11.76,11.76,0.0,0.82,0.16,1.92,0.1633,900
2025-12-24,2025-12,2025,12,2025Q4,P041,Tubo PVC agua 1/2 pulgada,Gasfitería,2,6.89,13.78,13.78,0.0,5.4,1.49,2.98,0.2163,130
2025-12-25,2025-12,2025,12,2025Q4,P057,Guante de seguridad latex par,Seguridad industrial,1,6.53,6.53,6.53,0.0,4.3,2.23,2.23,0.3415,150
2025-12-25,2025-12,2025,12,2025Q4,P001,Martillo de acero 16 oz,Herramientas manuales,1,27.87,27.87,27.87,0.0,18.5,9.37,9.37,0.3362,34
2025-12-25,2025-12,2025,12,2025Q4,P050,Tornillo autoperforante 3/4 ciento,Tornillería y fijaciones,10,8.88,88.8,88.8,0.0,5.2,3.68,36.8,0.4144,130
2025-12-26,2025-12,2025,12,2025Q4,P002,Alicate universal 8 pulgadas,Herramientas manuales,1,23.98,23.98,23.98,0.0,16.2,7.78,7.78,0.3244,42
2025-12-26,2025-12,2025,12,2025Q4,P053,Arandela plana 1/4 ciento,Tornillería y fijaciones,5,7.1,35.5,35.5,0.0,4.1,3.0,15.0,0.4225,92
2025-12-26,2025-12,2025,12,2025Q4,P017,Cemento bolsa 42.5 kg,Materiales de construcción,4,28.97,115.88,115.88,0.0,24.0,4.97,19.88,0.1716,96
2025-12-26,2025-12,2025,12,2025Q4,P017,Cemento bolsa 42.5 kg,Materiales de construcción,8,28.54,228.32,228.32,0.0,24.0,4.54,36.32,0.1591,96
2025-12-26,2025-12,2025,12,2025Q4,P012,Lijadora orbital 240W,Herramientas eléctricas,1,130.86,130.86,130.86,0.0,98.0,32.86,32.86,0.2511,11
2025-12-26,2025-12,2025,12,2025Q4,P029,Rodillo felpa 9 pulgadas,Pinturas,2,15.19,30.38,30.38,0.0,9.7,5.49,10.98,0.3614,62
2025-12-26,2025-12,2025,12,2025Q4,P049,Tornillo drywall 1 pulgada ciento,Tornillería y fijaciones,5,8.31,41.55,41.55,0.0,4.8,3.51,17.55,0.4224,145
2025-12-27,2025-12,2025,12,2025Q4,P038,Breaker termomagnético 20A,Electricidad,1,33.77,33.77,33.77,0.0,24.0,9.77,9.77,0.2893,36
2025-12-27,2025-12,2025,12,2025Q4,P039,Canaleta PVC 20x10 mm,Electricidad,5,4.6,23.0,23.0,0.0,3.2,1.4,7.0,0.3043,115
2025-12-27,2025-12,2025,12,2025Q4,P017,Cemento bolsa 42.5 kg,Materiales de construcción,2,28.58,57.16,57.16,0.0,24.0,4.58,9.16,0.1603,96
2025-12-27,2025-12,2025,12,2025Q4,P005,Cinta métrica 5 m,Herramientas manuales,3,13.55,40.65,40.65,0.0,8.8,4.75,14.25,0.3506,57
2025-12-27,2025-12,2025,12,2025Q4,P031,Lija al agua grano 220,Pinturas,4,1.04,4.16,4.16,0.0,0.55,0.49,1.96,0.4712,320
2025-12-28,2025-12,2025,12,2025Q4,P039,Canaleta PVC 20x10 mm,Electricidad,4,4.53,18.12,18.12,0.0,3.2,1.33,5.32,0.2936,115
2025-12-29,2025-12,2025,12,2025Q4,P034,Interruptor simple empotrable,Electricidad,15,8.5,127.5,127.5,0.0,5.8,2.7,40.5,0.3176,95
2025-12-29,2025-12,2025,12,2025Q4,P001,Martillo de acero 16 oz,Herramientas manuales,1,27.11,27.11,27.11,0.0,18.5,8.61,8.61,0.3176,34
2025-12-29,2025-12,2025,12,2025Q4,P049,Tornillo drywall 1 pulgada ciento,Tornillería y fijaciones,10,8.55,85.5,85.5,0.0,4.8,3.75,37.5,0.4386,145
2025-12-30,2025-12,2025,12,2025Q4,P038,Breaker termomagnético 20A,Electricidad,2,32.94,65.88,65.88,0.0,24.0,8.94,17.88,0.2714,36
2025-12-30,2025-12,2025,12,2025Q4,P031,Lija al agua grano 220,Pinturas,1,0.93,0.93,0.93,0.0,0.55,0.38,0.38,0.4086,320
2025-12-30,2025-12,2025,12,2025Q4,P035,Tomacorriente doble,Electricidad,1,11.41,11.41,11.41,0.0,7.2,4.21,4.21,0.369,87
2025-12-31,2025-12,2025,12,2025Q4,P031,Lija al agua grano 220,Pinturas,2,0.99,1.98,1.98,0.0,0.55,0.44,0.88,0.4444,320
2025-12-31,2025-12,2025,12,2025Q4,P066,Regadera plástica 10 L,Jardinería,5,28.21,141.05,141.05,0.0,18.5,9.71,48.55,0.3442,24
2026-01-01,2026-01,2026,1,2026Q1,P022,Alambre recocido kg,Materiales de construcción,15,9.0,135.0,135.0,0.0,6.9,2.1,31.5,0.2333,75
2026-01-01,2026-01,2026,1,2026Q1,P003,Destornillador plano 6 pulgadas,Herramientas manuales,4,9.06,36.24,36.24,0.0,5.4,3.66,14.64,0.404,85
2026-01-01,2026-01,2026,1,2026Q1,P057,Guante de seguridad latex par,Seguridad industrial,4,6.61,26.44,26.44,0.0,4.3,2.31,9.24,0.3495,150
2026-01-01,2026-01,2026,1,2026Q1,P051,Tarugo plástico 6 mm ciento,Tornillería y fijaciones,5,5.53,27.65,27.65,0.0,3.1,2.43,12.15,0.4394,180
2026-01-01,2026-01,2026,1,2026Q1,P049,Tornillo drywall 1 pulgada ciento,Tornillería y fijaciones,8,8.62,68.96,68.96,0.0,4.8,3.82,30.56,0.4432,145
2026-01-01,2026-01,2026,1,2026Q1,P020,Yeso bolsa 20 kg,Materiales de construcción,4,13.8,55.2,55.2,0.0,10.8,3.0,12.0,0.2174,55
2026-01-02,2026-01,2026,1,2026Q1,P018,Arena fina saco 40 kg,Materiales de construcción,10,9.77,97.7,97.7,0.0,7.6,2.17,21.7,0.2221,120
2026-01-02,2026-01,2026,1,2026Q1,P051,Tarugo plástico 6 mm ciento,Tornillería y fijaciones,10,5.39,53.9,53.9,0.0,3.1,2.29,22.9,0.4249,180
2026-01-02,2026-01,2026,1,2026Q1,P050,Tornillo autoperforante 3/4 ciento,Tornillería y fijaciones,3,9.08,27.24,27.24,0.0,5.2,3.88,11.64,0.4273,130
2026-01-04,2026-01,2026,1,2026Q1,P033,Cable THW 12 AWG metro,Electricidad,10,3.48,34.8,34.8,0.0,2.4,1.08,10.8,0.3103,420
2026-01-04,2026-01,2026,1,2026Q1,P033,Cable THW 12 AWG metro,Electricidad,5,3.7,18.5,18.5,0.0,2.4,1.3,6.5,0.3514,420
2026-01-06,2026-01,2026,1,2026Q1,P018,Arena fina saco 40 kg,Materiales de construcción,1,9.73,9.73,9.73,0.0,7.6,2.13,2.13,0.2189,120
2026-01-06,2026-01,2026,1,2026Q1,P044,Cinta teflón 12 mm,Gasfitería,1,1.91,1.91,1.91,0.0,1.1,0.81,0.81,0.4241,210
2026-01-06,2026-01,2026,1,2026Q1,P021,Ladrillo pandereta unidad,Materiales de construcción,3,1.02,3.06,3.06,0.0,0.82,0.2,0.6,0.1961,900
2026-01-06,2026-01,2026,1,2026Q1,P029,Rodillo felpa 9 pulgadas,Pinturas,3,15.43,46.29,46.29,0.0,9.7,5.73,17.19,0.3714,62
2026-01-06,2026-01,2026,1,2026Q1,P029,Rodillo felpa 9 pulgadas,Pinturas,6,15.16,90.96,90.96,0.0,9.7,5.46,32.76,0.3602,62
2026-01-07,2026-01,2026,1,2026Q1,P005,Cinta métrica 5 m,Herramientas manuales,3,13.41,40.23,40.23,0.0,8.8,4.61,13.83,0.3438,57
2026-01-07,2026-01,2026,1,2026Q1,P044,Cinta teflón 12 mm,Gasfitería,2,2.03,4.06,4.06,0.0,1.1,0.93,1.86,0.4581,210
2026-01-08,2026-01,2026,1,2026Q1,P044,Cinta teflón 12 mm,Gasfitería,1,2.03,2.03,2.03,0.0,1.1,0.93,0.93,0.4581,210
2026-01-08,2026-01,2026,1,2026Q1,P009,Taladro percutor 650W,Herramientas eléctricas,2,198.52,397.04,397.04,0.0,145.0,53.52,107.04,0.2696,9
2026-01-08,2026-01,2026,1,2026Q1,P035,Tomacorriente doble,Electricidad,10,10.74,107.4,107.4,0.0,7.2,3.54,35.4,0.3296,87
2026-01-09,2026-01,2026,1,2026Q1,P017,Cemento bolsa 42.5 kg,Materiales de construcción,1,29.57,29.57,29.57,0.0,24.0,5.57,5.57,0.1884,96
2026-01-09,2026-01,2026,1,2026Q1,P045,Pegamento PVC 1/4 gl,Gasfitería,1,16.78,16.78,16.78,0.0,11.6,5.18,5.18,0.3087,58
2026-01-10,2026-01,2026,1,2026Q1,P059,Casco de seguridad amarillo,Seguridad industrial,2,24.23,48.46,48.46,0.0,16.5,7.73,15.46,0.319,32
2026-01-10,2026-01,2026,1,2026Q1,P057,Guante de seguridad latex par,Seguridad industrial,1,6.48,6.48,6.48,0.0,4.3,2.18,2.18,0.3364,150
2026-01-10,2026-01,2026,1,2026Q1,P057,Guante de seguridad latex par,Seguridad industrial,1,6.6,6.6,6.6,0.0,4.3,2.3,2.3,0.3485,150
2026-01-10,2026-01,2026,1,2026Q1,P058,Lente de seguridad transparente,Seguridad industrial,4,9.61,38.44,38.44,0.0,6.4,3.21,12.84,0.334,95
2026-01-10,2026-01,2026,1,2026Q1,P001,Martillo de acero 16 oz,Herramientas manuales,4,27.9,111.6,111.6,0.0,18.5,9.4,37.6,0.3369,34
2026-01-11,2026-01,2026,1,2026Q1,P018,Arena fina saco 40 kg,Materiales de construcción,1,9.77,9.77,9.77,0.0,7.6,2.17,2.17,0.2221,120
2026-01-11,2026-01,2026,1,2026Q1,P051,Tarugo plástico 6 mm ciento,Tornillería y fijaciones,2,5.57,11.14,11.14,0.0,3.1,2.47,4.94,0.4434,180
2026-01-11,2026-01,2026,1,2026Q1,P041,Tubo PVC agua 1/2 pulgada,Gasfitería,4,7.87,31.48,31.48,0.0,5.4,2.47,9.88,0.3139,130
2026-01-12,2026-01,2026,1,2026Q1,P002,Alicate universal 8 pulgadas,Herramientas manuales,2,23.98,47.96,47.96,0.0,16.2,7.78,15.56,0.3244,42
2026-01-12,2026-01,2026,1,2026Q1,P005,Cinta métrica 5 m,Herramientas manuales,1,13.86,13.86,13.86,0.0,8.8,5.06,5.06,0.3651,57
2026-01-12,2026-01,2026,1,2026Q1,P044,Cinta teflón 12 mm,Gasfitería,8,1.99,15.92,15.92,0.0,1.1,0.89,7.12,0.4472,210
2026-01-12,2026-01,2026,1,2026Q1,P058,Lente de seguridad transparente,Seguridad industrial,1,9.77,9.77,9.77,0.0,6.4,3.37,3.37,0.3449,95
2026-01-12,2026-01,2026,1,2026Q1,P001,Martillo de acero 16 oz,Herramientas manuales,2,26.69,53.38,53.38,0.0,18.5,8.19,16.38,0.3069,34
2026-01-12,2026-01,2026,1,2026Q1,P009,Taladro percutor 650W,Herramientas eléctricas,1,196.51,196.51,196.51,0.0,145.0,51.51,51.51,0.2621,9
2026-01-12,2026-01,2026,1,2026Q1,P049,Tornillo drywall 1 pulgada ciento,Tornillería y fijaciones,5,8.21,41.05,41.05,0.0,4.8,3.41,17.05,0.4153,145
2026-01-13,2026-01,2026,1,2026Q1,P051,Tarugo plástico 6 mm ciento,Tornillería y fijaciones,1,5.36,5.36,5.36,0.0,3.1,2.26,2.26,0.4216,180
2026-01-13,2026-01,2026,1,2026Q1,P050,Tornillo autoperforante 3/4 ciento,Tornillería y fijaciones,10,8.94,89.4,89.4,0.0,5.2,3.74,37.4,0.4183,130
2026-01-13,2026-01,2026,1,2026Q1,P049,Tornillo drywall 1 pulgada ciento,Tornillería y fijaciones,3,8.22,24.66,24.66,0.0,4.8,3.42,10.26,0.4161,145
2026-01-14,2026-01,2026,1,2026Q1,P022,Alambre recocido kg,Materiales de construcción,15,9.32,139.8,139.8,0.0,6.9,2.42,36.3,0.2597,75
2026-01-14,2026-01,2026,1,2026Q1,P033,Cable THW 12 AWG metro,Electricidad,3,3.5,10.5,10.5,0.0,2.4,1.1,3.3,0.3143,420
2026-01-14,2026-01,2026,1,2026Q1,P044,Cinta teflón 12 mm,Gasfitería,5,1.92,9.6,9.6,0.0,1.1,0.82,4.1,0.4271,210
2026-01-14,2026-01,2026,1,2026Q1,P034,Interruptor simple empotrable,Electricidad,2,8.97,17.94,17.94,0.0,5.8,3.17,6.34,0.3534,95
2026-01-14,2026-01,2026,1,2026Q1,P058,Lente de seguridad transparente,Seguridad industrial,10,9.38,93.8,93.8,0.0,6.4,2.98,29.8,0.3177,95
2026-01-14,2026-01,2026,1,2026Q1,P020,Yeso bolsa 20 kg,Materiales de construcción,5,13.51,67.55,67.55,0.0,10.8,2.71,13.55,0.2006,55
2026-01-15,2026-01,2026,1,2026Q1,P037,Foco LED 9W luz fría,Electricidad,8,6.93,55.44,55.44,0.0,4.8,2.13,17.04,0.3074,140
2026-01-15,2026-01,2026,1,2026Q1,P029,Rodillo felpa 9 pulgadas,Pinturas,6,16.09,96.54,96.54,0.0,9.7,6.39,38.34,0.3971,62
2026-01-16,2026-01,2026,1,2026Q1,P036,Cinta aislante negra,Electricidad,15,3.73,55.95,55.95,0.0,2.1,1.63,24.45,0.437,160
2026-01-17,2026-01,2026,1,2026Q1,P030,Brocha 2 pulgadas,Pinturas,2,6.94,13.88,13.88,0.0,4.2,2.74,5.48,0.3948,100
2026-01-17,2026-01,2026,1,2026Q1,P019,Pegamento cerámico 25 kg,Materiales de construcción,6,22.89,137.34,137.34,0.0,18.2,4.69,28.14,0.2049,68
2026-01-18,2026-01,2026,1,2026Q1,P030,Brocha 2 pulgadas,Pinturas,3,6.97,20.91,20.91,0.0,4.2,2.77,8.31,0.3974,100
2026-01-18,2026-01,2026,1,2026Q1,P017,Cemento bolsa 42.5 kg,Materiales de construcción,1,29.09,29.09,29.09,0.0,24.0,5.09,5.09,0.175,96
2026-01-18,2026-01,2026,1,2026Q1,P060,Mascarilla KN95 unidad,Seguridad industrial,8,2.69,21.52,21.52,0.0,1.6,1.09,8.72,0.4052,260
2026-01-18,2026-01,2026,1,2026Q1,P032,Thinner acrílico 1 L,Pinturas,1,12.65,12.65,12.65,0.0,8.9,3.75,3.75,0.2964,70
2026-01-18,2026-01,2026,1,2026Q1,P020,Yeso bolsa 20 kg,Materiales de construcción,6,13.78,82.68,82.68,0.0,10.8,2.98,17.88,0.2163,55
2026-01-19,2026-01,2026,1,2026Q1,P036,Cinta aislante negra,Electricidad,15,3.54,53.1,53.1,0.0,2.1,1.44,21.6,0.4068,160
2026-01-20,2026-01,2026,1,2026Q1,P059,Casco de seguridad amarillo,Seguridad industrial,1,24.23,24.23,24.23,0.0,16.5,7.73,7.73,0.319,32
2026-01-20,2026-01,2026,1,2026Q1,P005,Cinta métrica 5 m,Herramientas manuales,1,13.62,13.62,13.62,0.0,8.8,4.82,4.82,0.3539,57
2026-01-20,2026-01,2026,1,2026Q1,P006,Serrucho carpintero 20 pulgadas,Herramientas manuales,1,34.9,34.9,34.9,0.0,24.5,10.4,10.4,0.298,22
2026-01-20,2026-01,2026,1,2026Q1,P049,Tornillo drywall 1 pulgada ciento,Tornillería y fijaciones,2,8.39,16.78,16.78,0.0,4.8,3.59,7.18,0.4279,145
2026-01-21,2026-01,2026,1,2026Q1,P061,Chaleco reflectivo,Seguridad industrial,10,17.45,174.5,174.5,0.0,11.8,5.65,56.5,0.3238,45
2026-01-21,2026-01,2026,1,2026Q1,P023,Clavo para madera kg,Materiales de construcción,20,9.74,194.8,194.8,0.0,7.4,2.34,46.8,0.2402,63
2026-01-21,2026-01,2026,1,2026Q1,P057,Guante de seguridad latex par,Seguridad industrial,3,6.87,20.61,20.61,0.0,4.3,2.57,7.71,0.3741,150
2026-01-22,2026-01,2026,1,2026Q1,P049,Tornillo drywall 1 pulgada ciento,Tornillería y fijaciones,3,8.46,25.38,25.38,0.0,4.8,3.66,10.98,0.4326,145
2026-01-22,2026-01,2026,1,2026Q1,P041,Tubo PVC agua 1/2 pulgada,Gasfitería,3,7.9,23.7,23.7,0.0,5.4,2.5,7.5,0.3165,130
2026-01-23,2026-01,2026,1,2026Q1,P059,Casco de seguridad amarillo,Seguridad industrial,10,24.02,240.2,240.2,0.0,16.5,7.52,75.2,0.3131,32
2026-01-23,2026-01,2026,1,2026Q1,P036,Cinta aislante negra,Electricidad,2,3.49,6.98,6.98,0.0,2.1,1.39,2.78,0.3983,160
2026-01-24,2026-01,2026,1,2026Q1,P002,Alicate universal 8 pulgadas,Herramientas manuales,1,23.74,23.74,23.74,0.0,16.2,7.54,7.54,0.3176,42
2026-01-24,2026-01,2026,1,2026Q1,P033,Cable THW 12 AWG metro,Electricidad,10,3.73,37.3,37.3,0.0,2.4,1.33,13.3,0.3566,420
2026-01-24,2026-01,2026,1,2026Q1,P039,Canaleta PVC 20x10 mm,Electricidad,1,4.77,4.77,4.77,0.0,3.2,1.57,1.57,0.3291,115
2026-01-24,2026-01,2026,1,2026Q1,P019,Pegamento cerámico 25 kg,Materiales de construcción,4,23.63,94.52,94.52,0.0,18.2,5.43,21.72,0.2298,68
2026-01-24,2026-01,2026,1,2026Q1,P050,Tornillo autoperforante 3/4 ciento,Tornillería y fijaciones,2,8.88,17.76,17.76,0.0,5.2,3.68,7.36,0.4144,130
2026-01-25,2026-01,2026,1,2026Q1,P033,Cable THW 12 AWG metro,Electricidad,2,3.61,7.22,7.22,0.0,2.4,1.21,2.42,0.3352,420
2026-01-25,2026-01,2026,1,2026Q1,P003,Destornillador plano 6 pulgadas,Herramientas manuales,4,8.88,35.52,35.52,0.0,5.4,3.48,13.92,0.3919,85
2026-01-25,2026-01,2026,1,2026Q1,P003,Destornillador plano 6 pulgadas,Herramientas manuales,3,9.31,27.93,27.93,0.0,5.4,3.91,11.73,0.42,85
2026-01-25,2026-01,2026,1,2026Q1,P041,Tubo PVC agua 1/2 pulgada,Gasfitería,6,7.36,44.16,44.16,0.0,5.4,1.96,11.76,0.2663,130
2026-01-25,2026-01,2026,1,2026Q1,P041,Tubo PVC agua 1/2 pulgada,Gasfitería,3,7.89,23.67,23.67,0.0,5.4,2.49,7.47,0.3156,130
2026-01-26,2026-01,2026,1,2026Q1,P018,Arena fina saco 40 kg,Materiales de construcción,15,9.33,139.95,139.95,0.0,7.6,1.73,25.95,0.1854,120
2026-01-26,2026-01,2026,1,2026Q1,P039,Canaleta PVC 20x10 mm,Electricidad,4,4.49,17.96,17.96,0.0,3.2,1.29,5.16,0.2873,115
2026-01-26,2026-01,2026,1,2026Q1,P037,Foco LED 9W luz fría,Electricidad,4,7.04,28.16,28.16,0.0,4.8,2.24,8.96,0.3182,140
2026-01-27,2026-01,2026,1,2026Q1,P036,Cinta aislante negra,Electricidad,4,3.58,14.32,14.32,0.0,2.1,1.48,5.92,0.4134,160
2026-01-27,2026-01,2026,1,2026Q1,P019,Pegamento cerámico 25 kg,Materiales de construcción,8,23.74,189.92,189.92,0.0,18.2,5.54,44.32,0.2334,68
2026-01-28,2026-01,2026,1,2026Q1,P017,Cemento bolsa 42.5 kg,Materiales de construcción,10,30.57,305.7,305.7,0.0,24.0,6.57,65.7,0.2149,96
2026-01-28,2026-01,2026,1,2026Q1,P057,Guante de seguridad latex par,Seguridad industrial,10,6.51,65.1,65.1,0.0,4.3,2.21,22.1,0.3395,150
2026-01-28,2026-01,2026,1,2026Q1,P051,Tarugo plástico 6 mm ciento,Tornillería y fijaciones,5,5.75,28.75,28.75,0.0,3.1,2.65,13.25,0.4609,180
2026-01-29,2026-01,2026,1,2026Q1,P044,Cinta teflón 12 mm,Gasfitería,5,1.94,9.7,9.7,0.0,1.1,0.84,4.2,0.433,210
2026-01-29,2026-01,2026,1,2026Q1,P021,Ladrillo pandereta unidad,Materiales de construcción,15,0.95,14.25,14.25,0.0,0.82,0.13,1.95,0.1368,900
2026-01-29,2026-01,2026,1,2026Q1,P001,Martillo de acero 16 oz,Herramientas manuales,1,27.37,27.37,27.37,0.0,18.5,8.87,8.87,0.3241,34
2026-01-29,2026-01,2026,1,2026Q1,P041,Tubo PVC agua 1/2 pulgada,Gasfitería,6,7.45,44.7,44.7,0.0,5.4,2.05,12.3,0.2752,130
2026-01-30,2026-01,2026,1,2026Q1,P018,Arena fina saco 40 kg,Materiales de construcción,10,9.83,98.3,98.3,0.0,7.6,2.23,22.3,0.2269,120
2026-01-30,2026-01,2026,1,2026Q1,P018,Arena fina saco 40 kg,Materiales de construcción,15,9.23,138.45,138.45,0.0,7.6,1.63,24.45,0.1766,120
2026-01-31,2026-01,2026,1,2026Q1,P017,Cemento bolsa 42.5 kg,Materiales de construcción,8,29.22,233.76,233.76,0.0,24.0,5.22,41.76,0.1786,96
2026-01-31,2026-01,2026,1,2026Q1,P037,Foco LED 9W luz fría,Electricidad,1,7.07,7.07,7.07,0.0,4.8,2.27,2.27,0.3211,140
2026-01-31,2026-01,2026,1,2026Q1,P065,Manguera reforzada 15 m,Jardinería,1,47.5,47.5,47.5,0.0,34.0,13.5,13.5,0.2842,28
2026-01-31,2026-01,2026,1,2026Q1,P052,Perno hexagonal 1/4 ciento,Tornillería y fijaciones,10,20.17,201.7,201.7,0.0,12.5,7.67,76.7,0.3803,58
2026-02-01,2026-02,2026,2,2026Q1,P010,Amoladora angular 4.5 pulgadas,Herramientas eléctricas,1,148.79,148.79,148.79,0.0,118.0,30.79,30.79,0.2069,7
2026-02-02,2026-02,2026,2,2026Q1,P051,Tarugo plástico 6 mm ciento,Tornillería y fijaciones,1,5.36,5.36,5.36,0.0,3.1,2.26,2.26,0.4216,180
2026-02-03,2026-02,2026,2,2026Q1,P038,Breaker termomagnético 20A,Electricidad,10,32.74,327.4,327.4,0.0,24.0,8.74,87.4,0.267,36
2026-02-03,2026-02,2026,2,2026Q1,P042,Codo PVC 1/2 pulgada,Gasfitería,8,1.61,12.88,12.88,0.0,0.95,0.66,5.28,0.4099,260
2026-02-03,2026-02,2026,2,2026Q1,P003,Destornillador plano 6 pulgadas,Herramientas manuales,2,9.03,18.06,18.06,0.0,5.4,3.63,7.26,0.402,85
2026-02-03,2026-02,2026,2,2026Q1,P003,Destornillador plano 6 pulgadas,Herramientas manuales,4,8.8,35.2,35.2,0.0,5.4,3.4,13.6,0.3864,85
2026-02-03,2026-02,2026,2,2026Q1,P052,Perno hexagonal 1/4 ciento,Tornillería y fijaciones,8,19.06,152.48,152.48,0.0,12.5,6.56,52.48,0.3442,58
2026-02-03,2026-02,2026,2,2026Q1,P051,Tarugo plástico 6 mm ciento,Tornillería y fijaciones,1,5.43,5.43,5.43,0.0,3.1,2.33,2.33,0.4291,180
2026-02-04,2026-02,2026,2,2026Q1,P034,Interruptor simple empotrable,Electricidad,5,9.15,45.75,45.75,0.0,5.8,3.35,16.75,0.3661,95
2026-02-04,2026-02,2026,2,2026Q1,P004,Juego de llaves mixtas 8 piezas,Herramientas manuales,1,57.71,57.71,57.71,0.0,42.0,15.71,15.71,0.2722,18
2026-02-04,2026-02,2026,2,2026Q1,P060,Mascarilla KN95 unidad,Seguridad industrial,1,2.6,2.6,2.6,0.0,1.6,1.0,1.0,0.3846,260
2026-02-04,2026-02,2026,2,2026Q1,P051,Tarugo plástico 6 mm ciento,Tornillería y fijaciones,10,5.45,54.5,54.5,0.0,3.1,2.35,23.5,0.4312,180
2026-02-05,2026-02,2026,2,2026Q1,P002,Alicate universal 8 pulgadas,Herramientas manuales,5,24.05,120.25,120.25,0.0,16.2,7.85,39.25,0.3264,42
2026-02-05,2026-02,2026,2,2026Q1,P023,Clavo para madera kg,Materiales de construcción,2,10.24,20.48,20.48,0.0,7.4,2.84,5.68,0.2773,63
2026-02-05,2026-02,2026,2,2026Q1,P034,Interruptor simple empotrable,Electricidad,8,8.82,70.56,70.56,0.0,5.8,3.02,24.16,0.3424,95
2026-02-05,2026-02,2026,2,2026Q1,P054,Tuerca hexagonal 1/4 ciento,Tornillería y fijaciones,10,9.7,97.0,97.0,0.0,6.0,3.7,37.0,0.3814,75
2026-02-06,2026-02,2026,2,2026Q1,P033,Cable THW 12 AWG metro,Electricidad,2,3.48,6.96,6.96,0.0,2.4,1.08,2.16,0.3103,420
2026-02-06,2026-02,2026,2,2026Q1,P004,Juego de llaves mixtas 8 piezas,Herramientas manuales,1,59.47,59.47,59.47,0.0,42.0,17.47,17.47,0.2938,18
2026-02-06,2026-02,2026,2,2026Q1,P041,Tubo PVC agua 1/2 pulgada,Gasfitería,4,7.76,31.04,31.04,0.0,5.4,2.36,9.44,0.3041,130
2026-02-07,2026-02,2026,2,2026Q1,P021,Ladrillo pandereta unidad,Materiales de construcción,4,0.97,3.88,3.88,0.0,0.82,0.15,0.6,0.1546,900
2026-02-07,2026-02,2026,2,2026Q1,P058,Lente de seguridad transparente,Seguridad industrial,1,9.31,9.31,9.31,0.0,6.4,2.91,2.91,0.3126,95
2026-02-07,2026-02,2026,2,2026Q1,P035,Tomacorriente doble,Electricidad,3,11.2,33.6,33.6,0.0,7.2,4.0,12.0,0.3571,87
2026-02-07,2026-02,2026,2,2026Q1,P049,Tornillo drywall 1 pulgada ciento,Tornillería y fijaciones,4,8.31,33.24,33.24,0.0,4.8,3.51,14.04,0.4224,145
2026-02-08,2026-02,2026,2,2026Q1,P030,Brocha 2 pulgadas,Pinturas,3,7.31,21.93,21.93,0.0,4.2,3.11,9.33,0.4254,100
2026-02-08,2026-02,2026,2,2026Q1,P061,Chaleco reflectivo,Seguridad industrial,1,17.77,17.77,17.77,0.0,11.8,5.97,5.97,0.336,45
2026-02-08,2026-02,2026,2,2026Q1,P005,Cinta métrica 5 m,Herramientas manuales,5,13.88,69.4,69.4,0.0,8.8,5.08,25.4,0.366,57
2026-02-08,2026-02,2026,2,2026Q1,P037,Foco LED 9W luz fría,Electricidad,10,7.15,71.5,71.5,0.0,4.8,2.35,23.5,0.3287,140
2026-02-08,2026-02,2026,2,2026Q1,P034,Interruptor simple empotrable,Electricidad,2,8.71,17.42,17.42,0.0,5.8,2.91,5.82,0.3341,95
2026-02-09,2026-02,2026,2,2026Q1,P018,Arena fina saco 40 kg,Materiales de construcción,8,9.35,74.8,74.8,0.0,7.6,1.75,14.0,0.1872,120
2026-02-09,2026-02,2026,2,2026Q1,P057,Guante de seguridad latex par,Seguridad industrial,1,6.77,6.77,6.77,0.0,4.3,2.47,2.47,0.3648,150
2026-02-09,2026-02,2026,2,2026Q1,P021,Ladrillo pandereta unidad,Materiales de construcción,3,0.95,2.85,2.85,0.0,0.82,0.13,0.39,0.1368,900
2026-02-09,2026-02,2026,2,2026Q1,P021,Ladrillo pandereta unidad,Materiales de construcción,6,0.96,5.76,5.76,0.0,0.82,0.14,0.84,0.1458,900
2026-02-09,2026-02,2026,2,2026Q1,P031,Lija al agua grano 220,Pinturas,6,1.05,6.3,6.3,0.0,0.55,0.5,3.0,0.4762,320
2026-02-09,2026-02,2026,2,2026Q1,P060,Mascarilla KN95 unidad,Seguridad industrial,1,2.55,2.55,2.55,0.0,1.6,0.95,0.95,0.3725,260
2026-02-10,2026-02,2026,2,2026Q1,P030,Brocha 2 pulgadas,Pinturas,4,7.29,29.16,29.16,0.0,4.2,3.09,12.36,0.4239,100
2026-02-10,2026-02,2026,2,2026Q1,P057,Guante de seguridad latex par,Seguridad industrial,1,6.91,6.91,6.91,0.0,4.3,2.61,2.61,0.3777,150
2026-02-10,2026-02,2026,2,2026Q1,P020,Yeso bolsa 20 kg,Materiales de construcción,20,14.21,284.2,284.2,0.0,10.8,3.41,68.2,0.24,55
2026-02-11,2026-02,2026,2,2026Q1,P058,Lente de seguridad transparente,Seguridad industrial,10,9.76,97.6,97.6,0.0,6.4,3.36,33.6,0.3443,95
2026-02-11,2026-02,2026,2,2026Q1,P026,Pintura látex marfil 1 gl,Pinturas,4,48.39,193.56,193.56,0.0,33.5,14.89,59.56,0.3077,31
2026-02-11,2026-02,2026,2,2026Q1,P014,Rotomartillo SDS Plus,Herramientas eléctricas,2,444.08,888.16,888.16,0.0,335.0,109.08,218.16,0.2456,4
2026-02-12,2026-02,2026,2,2026Q1,P059,Casco de seguridad amarillo,Seguridad industrial,2,24.28,48.56,48.56,0.0,16.5,7.78,15.56,0.3204,32
2026-02-12,2026-02,2026,2,2026Q1,P003,Destornillador plano 6 pulgadas,Herramientas manuales,3,9.12,27.36,27.36,0.0,5.4,3.72,11.16,0.4079,85
2026-02-12,2026-02,2026,2,2026Q1,P050,Tornillo autoperforante 3/4 ciento,Tornillería y fijaciones,8,8.64,69.12,69.12,0.0,5.2,3.44,27.52,0.3981,130
2026-02-13,2026-02,2026,2,2026Q1,P068,Pala jardinera,Jardinería,1,26.8,26.8,26.8,0.0,19.0,7.8,7.8,0.291,19
2026-02-13,2026-02,2026,2,2026Q1,P009,Taladro percutor 650W,Herramientas eléctricas,1,191.89,191.89,191.89,0.0,145.0,46.89,46.89,0.2444,9
2026-02-14,2026-02,2026,2,2026Q1,P044,Cinta teflón 12 mm,Gasfitería,10,1.97,19.7,19.7,0.0,1.1,0.87,8.7,0.4416,210
2026-02-14,2026-02,2026,2,2026Q1,P054,Tuerca hexagonal 1/4 ciento,Tornillería y fijaciones,10,9.96,99.6,99.6,0.0,6.0,3.96,39.6,0.3976,75
2026-02-15,2026-02,2026,2,2026Q1,P002,Alicate universal 8 pulgadas,Herramientas manuales,1,23.65,23.65,23.65,0.0,16.2,7.45,7.45,0.315,42
2026-02-15,2026-02,2026,2,2026Q1,P005,Cinta métrica 5 m,Herramientas manuales,2,13.65,27.3,27.3,0.0,8.8,4.85,9.7,0.3553,57
2026-02-15,2026-02,2026,2,2026Q1,P034,Interruptor simple empotrable,Electricidad,1,9.07,9.07,9.07,0.0,5.8,3.27,3.27,0.3605,95
2026-02-16,2026-02,2026,2,2026Q1,P003,Destornillador plano 6 pulgadas,Herramientas manuales,5,8.63,43.15,43.15,0.0,5.4,3.23,16.15,0.3743,85
2026-02-18,2026-02,2026,2,2026Q1,P037,Foco LED 9W luz fría,Electricidad,8,7.3,58.4,58.4,0.0,4.8,2.5,20.0,0.3425,140
2026-02-18,2026-02,2026,2,2026Q1,P045,Pegamento PVC 1/4 gl,Gasfitería,4,17.52,70.08,70.08,0.0,11.6,5.92,23.68,0.3379,58
2026-02-18,2026-02,2026,2,2026Q1,P049,Tornillo drywall 1 pulgada ciento,Tornillería y fijaciones,4,8.74,34.96,34.96,0.0,4.8,3.94,15.76,0.4508,145
2026-02-19,2026-02,2026,2,2026Q1,P018,Arena fina saco 40 kg,Materiales de construcción,15,9.47,142.05,142.05,0.0,7.6,1.87,28.05,0.1975,120
2026-02-20,2026-02,2026,2,2026Q1,P019,Pegamento cerámico 25 kg,Materiales de construcción,20,24.17,483.4,483.4,0.0,18.2,5.97,119.4,0.247,68
2026-02-20,2026-02,2026,2,2026Q1,P025,Pintura látex blanca 1 gl,Pinturas,2,47.78,95.56,95.56,0.0,34.0,13.78,27.56,0.2884,38
2026-02-20,2026-02,2026,2,2026Q1,P011,Sierra circular 7 1/4 pulgadas,Herramientas eléctricas,1,346.74,346.74,346.74,0.0,265.0,81.74,81.74,0.2357,5
2026-02-21,2026-02,2026,2,2026Q1,P028,Base selladora 1 gl,Pinturas,4,40.82,163.28,163.28,0.0,28.5,12.32,49.28,0.3018,28
2026-02-21,2026-02,2026,2,2026Q1,P038,Breaker termomagnético 20A,Electricidad,1,33.4,33.4,33.4,0.0,24.0,9.4,9.4,0.2814,36
2026-02-21,2026-02,2026,2,2026Q1,P003,Destornillador plano 6 pulgadas,Herramientas manuales,1,9.09,9.09,9.09,0.0,5.4,3.69,3.69,0.4059,85
2026-02-21,2026-02,2026,2,2026Q1,P057,Guante de seguridad latex par,Seguridad industrial,1,6.54,6.54,6.54,0.0,4.3,2.24,2.24,0.3425,150
2026-02-21,2026-02,2026,2,2026Q1,P025,Pintura látex blanca 1 gl,Pinturas,1,47.25,47.25,47.25,0.0,34.0,13.25,13.25,0.2804,38
2026-02-22,2026-02,2026,2,2026Q1,P007,Nivel de burbuja 40 cm,Herramientas manuales,1,28.25,28.25,28.25,0.0,19.9,8.35,8.35,0.2956,19
2026-02-22,2026-02,2026,2,2026Q1,P051,Tarugo plástico 6 mm ciento,Tornillería y fijaciones,2,5.48,10.96,10.96,0.0,3.1,2.38,4.76,0.4343,180
2026-02-23,2026-02,2026,2,2026Q1,P038,Breaker termomagnético 20A,Electricidad,5,33.83,169.15,169.15,0.0,24.0,9.83,49.15,0.2906,36
2026-02-23,2026-02,2026,2,2026Q1,P036,Cinta aislante negra,Electricidad,15,3.62,54.3,54.3,0.0,2.1,1.52,22.8,0.4199,160
2026-02-23,2026-02,2026,2,2026Q1,P005,Cinta métrica 5 m,Herramientas manuales,4,13.26,53.04,53.04,0.0,8.8,4.46,17.84,0.3363,57
2026-02-23,2026-02,2026,2,2026Q1,P005,Cinta métrica 5 m,Herramientas manuales,4,14.03,56.12,56.12,0.0,8.8,5.23,20.92,0.3728,57
2026-02-23,2026-02,2026,2,2026Q1,P003,Destornillador plano 6 pulgadas,Herramientas manuales,1,9.24,9.24,9.24,0.0,5.4,3.84,3.84,0.4156,85
2026-02-23,2026-02,2026,2,2026Q1,P058,Lente de seguridad transparente,Seguridad industrial,2,9.95,19.9,19.9,0.0,6.4,3.55,7.1,0.3568,95
2026-02-23,2026-02,2026,2,2026Q1,P051,Tarugo plástico 6 mm ciento,Tornillería y fijaciones,2,5.75,11.5,11.5,0.0,3.1,2.65,5.3,0.4609,180
2026-02-24,2026-02,2026,2,2026Q1,P002,Alicate universal 8 pulgadas,Herramientas manuales,4,24.16,96.64,96.64,0.0,16.2,7.96,31.84,0.3295,42
2026-02-24,2026-02,2026,2,2026Q1,P017,Cemento bolsa 42.5 kg,Materiales de construcción,5,30.42,152.1,152.1,0.0,24.0,6.42,32.1,0.211,96
2026-02-24,2026-02,2026,2,2026Q1,P017,Cemento bolsa 42.5 kg,Materiales de construcción,4,30.69,122.76,122.76,0.0,24.0,6.69,26.76,0.218,96
2026-02-24,2026-02,2026,2,2026Q1,P003,Destornillador plano 6 pulgadas,Herramientas manuales,4,8.74,34.96,34.96,0.0,5.4,3.34,13.36,0.3822,85
2026-02-24,2026-02,2026,2,2026Q1,P034,Interruptor simple empotrable,Electricidad,1,9.04,9.04,9.04,0.0,5.8,3.24,3.24,0.3584,95
2026-02-24,2026-02,2026,2,2026Q1,P041,Tubo PVC agua 1/2 pulgada,Gasfitería,1,7.33,7.33,7.33,0.0,5.4,1.93,1.93,0.2633,130
2026-02-25,2026-02,2026,2,2026Q1,P018,Arena fina saco 40 kg,Materiales de construcción,1,9.21,9.21,9.21,0.0,7.6,1.61,1.61,0.1748,120
2026-02-25,2026-02,2026,2,2026Q1,P036,Cinta aislante negra,Electricidad,10,3.58,35.8,35.8,0.0,2.1,1.48,14.8,0.4134,160
2026-02-25,2026-02,2026,2,2026Q1,P042,Codo PVC 1/2 pulgada,Gasfitería,6,1.55,9.3,9.3,0.0,0.95,0.6,3.6,0.3871,260
2026-02-25,2026-02,2026,2,2026Q1,P009,Taladro percutor 650W,Herramientas eléctricas,1,189.33,189.33,189.33,0.0,145.0,44.33,44.33,0.2341,9
2026-02-26,2026-02,2026,2,2026Q1,P059,Casco de seguridad amarillo,Seguridad industrial,5,24.96,124.8,124.8,0.0,16.5,8.46,42.3,0.3389,32
2026-02-26,2026-02,2026,2,2026Q1,P001,Martillo de acero 16 oz,Herramientas manuales,3,26.29,78.87,78.87,0.0,18.5,7.79,23.37,0.2963,34
2026-02-27,2026-02,2026,2,2026Q1,P030,Brocha 2 pulgadas,Pinturas,1,7.41,7.41,7.41,0.0,4.2,3.21,3.21,0.4332,100
2026-02-27,2026-02,2026,2,2026Q1,P017,Cemento bolsa 42.5 kg,Materiales de construcción,6,28.74,172.44,172.44,0.0,24.0,4.74,28.44,0.1649,96
2026-02-27,2026-02,2026,2,2026Q1,P044,Cinta teflón 12 mm,Gasfitería,4,2.05,8.2,8.2,0.0,1.1,0.95,3.8,0.4634,210
2026-02-27,2026-02,2026,2,2026Q1,P003,Destornillador plano 6 pulgadas,Herramientas manuales,4,8.7,34.8,34.8,0.0,5.4,3.3,13.2,0.3793,85
2026-02-27,2026-02,2026,2,2026Q1,P021,Ladrillo pandereta unidad,Materiales de construcción,4,1.01,4.04,4.04,0.0,0.82,0.19,0.76,0.1881,900
2026-02-27,2026-02,2026,2,2026Q1,P001,Martillo de acero 16 oz,Herramientas manuales,1,27.09,27.09,27.09,0.0,18.5,8.59,8.59,0.3171,34
2026-02-27,2026-02,2026,2,2026Q1,P060,Mascarilla KN95 unidad,Seguridad industrial,1,2.51,2.51,2.51,0.0,1.6,0.91,0.91,0.3625,260
2026-02-27,2026-02,2026,2,2026Q1,P029,Rodillo felpa 9 pulgadas,Pinturas,1,16.09,16.09,16.09,0.0,9.7,6.39,6.39,0.3971,62
2026-02-27,2026-02,2026,2,2026Q1,P020,Yeso bolsa 20 kg,Materiales de construcción,20,13.93,278.6,278.6,0.0,10.8,3.13,62.6,0.2247,55
2026-02-28,2026-02,2026,2,2026Q1,P011,Sierra circular 7 1/4 pulgadas,Herramientas eléctricas,2,342.71,685.42,685.42,0.0,265.0,77.71,155.42,0.2268,5
2026-03-01,2026-03,2026,3,2026Q1,P044,Cinta teflón 12 mm,Gasfitería,1,2.0,2.0,2.0,0.0,1.1,0.9,0.9,0.45,210
2026-03-01,2026-03,2026,3,2026Q1,P001,Martillo de acero 16 oz,Herramientas manuales,1,27.69,27.69,27.69,0.0,18.5,9.19,9.19,0.3319,34
2026-03-01,2026-03,2026,3,2026Q1,P019,Pegamento cerámico 25 kg,Materiales de construcción,1,24.21,24.21,24.21,0.0,18.2,6.01,6.01,0.2482,68
2026-03-02,2026-03,2026,3,2026Q1,P018,Arena fina saco 40 kg,Materiales de construcción,1,9.21,9.21,9.21,0.0,7.6,1.61,1.61,0.1748,120
2026-03-02,2026-03,2026,3,2026Q1,P030,Brocha 2 pulgadas,Pinturas,1,7.1,7.1,7.1,0.0,4.2,2.9,2.9,0.4085,100
2026-03-02,2026-03,2026,3,2026Q1,P042,Codo PVC 1/2 pulgada,Gasfitería,1,1.54,1.54,1.54,0.0,0.95,0.59,0.59,0.3831,260
2026-03-02,2026-03,2026,3,2026Q1,P070,Fertilizante universal 1 kg,Jardinería,2,15.1,30.2,30.2,0.0,9.8,5.3,10.6,0.351,52
2026-03-02,2026-03,2026,3,2026Q1,P001,Martillo de acero 16 oz,Herramientas manuales,1,26.68,26.68,26.68,0.0,18.5,8.18,8.18,0.3066,34
2026-03-02,2026-03,2026,3,2026Q1,P049,Tornillo drywall 1 pulgada ciento,Tornillería y fijaciones,8,8.55,68.4,68.4,0.0,4.8,3.75,30.0,0.4386,145
2026-03-03,2026-03,2026,3,2026Q1,P033,Cable THW 12 AWG metro,Electricidad,5,3.57,17.85,17.85,0.0,2.4,1.17,5.85,0.3277,420
2026-03-03,2026-03,2026,3,2026Q1,P023,Clavo para madera kg,Materiales de construcción,4,9.87,39.48,39.48,0.0,7.4,2.47,9.88,0.2503,63
2026-03-03,2026-03,2026,3,2026Q1,P021,Ladrillo pandereta unidad,Materiales de construcción,8,0.98,7.84,7.84,0.0,0.82,0.16,1.28,0.1633,900
2026-03-03,2026-03,2026,3,2026Q1,P049,Tornillo drywall 1 pulgada ciento,Tornillería y fijaciones,5,8.3,41.5,41.5,0.0,4.8,3.5,17.5,0.4217,145
2026-03-04,2026-03,2026,3,2026Q1,P033,Cable THW 12 AWG metro,Electricidad,3,3.58,10.74,10.74,0.0,2.4,1.18,3.54,0.3296,420
2026-03-04,2026-03,2026,3,2026Q1,P036,Cinta aislante negra,Electricidad,10,3.62,36.2,36.2,0.0,2.1,1.52,15.2,0.4199,160
2026-03-04,2026-03,2026,3,2026Q1,P026,Pintura látex marfil 1 gl,Pinturas,4,45.78,183.12,183.12,0.0,33.5,12.28,49.12,0.2682,31
2026-03-04,2026-03,2026,3,2026Q1,P006,Serrucho carpintero 20 pulgadas,Herramientas manuales,2,35.24,70.48,70.48,0.0,24.5,10.74,21.48,0.3048,22
2026-03-04,2026-03,2026,3,2026Q1,P035,Tomacorriente doble,Electricidad,15,10.58,158.7,158.7,0.0,7.2,3.38,50.7,0.3195,87
2026-03-05,2026-03,2026,3,2026Q1,P057,Guante de seguridad latex par,Seguridad industrial,1,6.73,6.73,6.73,0.0,4.3,2.43,2.43,0.3611,150
2026-03-05,2026-03,2026,3,2026Q1,P050,Tornillo autoperforante 3/4 ciento,Tornillería y fijaciones,1,8.86,8.86,8.86,0.0,5.2,3.66,3.66,0.4131,130
2026-03-06,2026-03,2026,3,2026Q1,P028,Base selladora 1 gl,Pinturas,1,41.37,41.37,41.37,0.0,28.5,12.87,12.87,0.3111,28
2026-03-06,2026-03,2026,3,2026Q1,P005,Cinta métrica 5 m,Herramientas manuales,5,13.69,68.45,68.45,0.0,8.8,4.89,24.45,0.3572,57
2026-03-06,2026-03,2026,3,2026Q1,P042,Codo PVC 1/2 pulgada,Gasfitería,3,1.57,4.71,4.71,0.0,0.95,0.62,1.86,0.3949,260
2026-03-06,2026-03,2026,3,2026Q1,P019,Pegamento cerámico 25 kg,Materiales de construcción,1,24.31,24.31,24.31,0.0,18.2,6.11,6.11,0.2513,68
2026-03-06,2026-03,2026,3,2026Q1,P052,Perno hexagonal 1/4 ciento,Tornillería y fijaciones,3,19.34,58.02,58.02,0.0,12.5,6.84,20.52,0.3537,58
2026-03-06,2026-03,2026,3,2026Q1,P054,Tuerca hexagonal 1/4 ciento,Tornillería y fijaciones,1,10.21,10.21,10.21,0.0,6.0,4.21,4.21,0.4123,75
2026-03-07,2026-03,2026,3,2026Q1,P002,Alicate universal 8 pulgadas,Herramientas manuales,2,24.19,48.38,48.38,0.0,16.2,7.99,15.98,0.3303,42
2026-03-07,2026-03,2026,3,2026Q1,P029,Rodillo felpa 9 pulgadas,Pinturas,1,15.11,15.11,15.11,0.0,9.7,5.41,5.41,0.358,62
2026-03-07,2026-03,2026,3,2026Q1,P009,Taladro percutor 650W,Herramientas eléctricas,3,190.09,570.27,570.27,0.0,145.0,45.09,135.27,0.2372,9
2026-03-08,2026-03,2026,3,2026Q1,P023,Clavo para madera kg,Materiales de construcción,6,9.59,57.54,57.54,0.0,7.4,2.19,13.14,0.2284,63
2026-03-08,2026-03,2026,3,2026Q1,P021,Ladrillo pandereta unidad,Materiales de construcción,2,0.97,1.94,1.94,0.0,0.82,0.15,0.3,0.1546,900
2026-03-09,2026-03,2026,3,2026Q1,P044,Cinta teflón 12 mm,Gasfitería,8,2.03,16.24,16.24,0.0,1.1,0.93,7.44,0.4581,210
2026-03-09,2026-03,2026,3,2026Q1,P044,Cinta teflón 12 mm,Gasfitería,8,1.93,15.44,15.44,0.0,1.1,0.83,6.64,0.4301,210
2026-03-10,2026-03,2026,3,2026Q1,P030,Brocha 2 pulgadas,Pinturas,2,6.93,13.86,13.86,0.0,4.2,2.73,5.46,0.3939,100
2026-03-11,2026-03,2026,3,2026Q1,P021,Ladrillo pandereta unidad,Materiales de construcción,6,0.96,5.76,5.76,0.0,0.82,0.14,0.84,0.1458,900
2026-03-12,2026-03,2026,3,2026Q1,P037,Foco LED 9W luz fría,Electricidad,2,7.06,14.12,14.12,0.0,4.8,2.26,4.52,0.3201,140
2026-03-12,2026-03,2026,3,2026Q1,P058,Lente de seguridad transparente,Seguridad industrial,2,9.98,19.96,19.96,0.0,6.4,3.58,7.16,0.3587,95
2026-03-12,2026-03,2026,3,2026Q1,P060,Mascarilla KN95 unidad,Seguridad industrial,4,2.63,10.52,10.52,0.0,1.6,1.03,4.12,0.3916,260
2026-03-13,2026-03,2026,3,2026Q1,P042,Codo PVC 1/2 pulgada,Gasfitería,1,1.53,1.53,1.53,0.0,0.95,0.58,0.58,0.3791,260
2026-03-13,2026-03,2026,3,2026Q1,P001,Martillo de acero 16 oz,Herramientas manuales,1,27.17,27.17,27.17,0.0,18.5,8.67,8.67,0.3191,34
2026-03-13,2026-03,2026,3,2026Q1,P049,Tornillo drywall 1 pulgada ciento,Tornillería y fijaciones,2,8.29,16.58,16.58,0.0,4.8,3.49,6.98,0.421,145
2026-03-14,2026-03,2026,3,2026Q1,P033,Cable THW 12 AWG metro,Electricidad,5,3.54,17.7,17.7,0.0,2.4,1.14,5.7,0.322,420
2026-03-14,2026-03,2026,3,2026Q1,P059,Casco de seguridad amarillo,Seguridad industrial,8,23.72,189.76,189.76,0.0,16.5,7.22,57.76,0.3044,32
2026-03-14,2026-03,2026,3,2026Q1,P044,Cinta teflón 12 mm,Gasfitería,10,1.97,19.7,19.7,0.0,1.1,0.87,8.7,0.4416,210
2026-03-14,2026-03,2026,3,2026Q1,P043,Llave esférica 1/2 pulgada,Gasfitería,1,14.77,14.77,14.77,0.0,9.8,4.97,4.97,0.3365,74
2026-03-14,2026-03,2026,3,2026Q1,P032,Thinner acrílico 1 L,Pinturas,6,12.97,77.82,77.82,0.0,8.9,4.07,24.42,0.3138,70
2026-03-15,2026-03,2026,3,2026Q1,P003,Destornillador plano 6 pulgadas,Herramientas manuales,4,8.66,34.64,34.64,0.0,5.4,3.26,13.04,0.3764,85
2026-03-15,2026-03,2026,3,2026Q1,P045,Pegamento PVC 1/4 gl,Gasfitería,10,16.32,163.2,163.2,0.0,11.6,4.72,47.2,0.2892,58
2026-03-16,2026-03,2026,3,2026Q1,P003,Destornillador plano 6 pulgadas,Herramientas manuales,4,8.99,35.96,35.96,0.0,5.4,3.59,14.36,0.3993,85
2026-03-16,2026-03,2026,3,2026Q1,P007,Nivel de burbuja 40 cm,Herramientas manuales,1,29.16,29.16,29.16,0.0,19.9,9.26,9.26,0.3176,19
2026-03-16,2026-03,2026,3,2026Q1,P009,Taladro percutor 650W,Herramientas eléctricas,1,191.69,191.69,191.69,0.0,145.0,46.69,46.69,0.2436,9
2026-03-17,2026-03,2026,3,2026Q1,P033,Cable THW 12 AWG metro,Electricidad,4,3.56,14.24,14.24,0.0,2.4,1.16,4.64,0.3258,420
2026-03-17,2026-03,2026,3,2026Q1,P017,Cemento bolsa 42.5 kg,Materiales de construcción,8,28.77,230.16,230.16,0.0,24.0,4.77,38.16,0.1658,96
2026-03-17,2026-03,2026,3,2026Q1,P061,Chaleco reflectivo,Seguridad industrial,4,18.07,72.28,72.28,0.0,11.8,6.27,25.08,0.347,45
2026-03-17,2026-03,2026,3,2026Q1,P070,Fertilizante universal 1 kg,Jardinería,4,14.56,58.24,58.24,0.0,9.8,4.76,19.04,0.3269,52
2026-03-17,2026-03,2026,3,2026Q1,P001,Martillo de acero 16 oz,Herramientas manuales,1,27.97,27.97,27.97,0.0,18.5,9.47,9.47,0.3386,34
2026-03-17,2026-03,2026,3,2026Q1,P050,Tornillo autoperforante 3/4 ciento,Tornillería y fijaciones,10,9.12,91.2,91.2,0.0,5.2,3.92,39.2,0.4298,130
2026-03-17,2026-03,2026,3,2026Q1,P041,Tubo PVC agua 1/2 pulgada,Gasfitería,2,7.51,15.02,15.02,0.0,5.4,2.11,4.22,0.281,130
2026-03-18,2026-03,2026,3,2026Q1,P042,Codo PVC 1/2 pulgada,Gasfitería,1,1.59,1.59,1.59,0.0,0.95,0.64,0.64,0.4025,260
2026-03-18,2026-03,2026,3,2026Q1,P065,Manguera reforzada 15 m,Jardinería,4,47.14,188.56,188.56,0.0,34.0,13.14,52.56,0.2787,28
2026-03-19,2026-03,2026,3,2026Q1,P002,Alicate universal 8 pulgadas,Herramientas manuales,5,24.39,121.95,121.95,0.0,16.2,8.19,40.95,0.3358,42
2026-03-19,2026-03,2026,3,2026Q1,P056,Anclaje expansivo 3/8 unidad,Tornillería y fijaciones,2,2.83,5.66,5.66,0.0,1.8,1.03,2.06,0.364,110
2026-03-19,2026-03,2026,3,2026Q1,P018,Arena fina saco 40 kg,Materiales de construcción,2,9.2,18.4,18.4,0.0,7.6,1.6,3.2,0.1739,120
2026-03-19,2026-03,2026,3,2026Q1,P018,Arena fina saco 40 kg,Materiales de construcción,4,9.92,39.68,39.68,0.0,7.6,2.32,9.28,0.2339,120
2026-03-19,2026-03,2026,3,2026Q1,P042,Codo PVC 1/2 pulgada,Gasfitería,8,1.53,12.24,12.24,0.0,0.95,0.58,4.64,0.3791,260
2026-03-19,2026-03,2026,3,2026Q1,P037,Foco LED 9W luz fría,Electricidad,4,6.9,27.6,27.6,0.0,4.8,2.1,8.4,0.3043,140
2026-03-19,2026-03,2026,3,2026Q1,P041,Tubo PVC agua 1/2 pulgada,Gasfitería,1,7.49,7.49,7.49,0.0,5.4,2.09,2.09,0.279,130
2026-03-20,2026-03,2026,3,2026Q1,P070,Fertilizante universal 1 kg,Jardinería,3,14.6,43.8,43.8,0.0,9.8,4.8,14.4,0.3288,52
2026-03-20,2026-03,2026,3,2026Q1,P057,Guante de seguridad latex par,Seguridad industrial,2,6.59,13.18,13.18,0.0,4.3,2.29,4.58,0.3475,150
2026-03-20,2026-03,2026,3,2026Q1,P019,Pegamento cerámico 25 kg,Materiales de construcción,10,23.69,236.9,236.9,0.0,18.2,5.49,54.9,0.2317,68
2026-03-21,2026-03,2026,3,2026Q1,P018,Arena fina saco 40 kg,Materiales de construcción,8,9.9,79.2,79.2,0.0,7.6,2.3,18.4,0.2323,120
2026-03-21,2026-03,2026,3,2026Q1,P017,Cemento bolsa 42.5 kg,Materiales de construcción,12,28.69,344.28,344.28,0.0,24.0,4.69,56.28,0.1635,96
2026-03-21,2026-03,2026,3,2026Q1,P036,Cinta aislante negra,Electricidad,2,3.48,6.96,6.96,0.0,2.1,1.38,2.76,0.3966,160
2026-03-21,2026-03,2026,3,2026Q1,P005,Cinta métrica 5 m,Herramientas manuales,2,14.13,28.26,28.26,0.0,8.8,5.33,10.66,0.3772,57
2026-03-23,2026-03,2026,3,2026Q1,P059,Casco de seguridad amarillo,Seguridad industrial,5,23.62,118.1,118.1,0.0,16.5,7.12,35.6,0.3014,32
2026-03-23,2026-03,2026,3,2026Q1,P036,Cinta aislante negra,Electricidad,3,3.49,10.47,10.47,0.0,2.1,1.39,4.17,0.3983,160
2026-03-23,2026-03,2026,3,2026Q1,P006,Serrucho carpintero 20 pulgadas,Herramientas manuales,5,35.53,177.65,177.65,0.0,24.5,11.03,55.15,0.3104,22
2026-03-23,2026-03,2026,3,2026Q1,P050,Tornillo autoperforante 3/4 ciento,Tornillería y fijaciones,1,9.31,9.31,9.31,0.0,5.2,4.11,4.11,0.4415,130
2026-03-27,2026-03,2026,3,2026Q1,P017,Cemento bolsa 42.5 kg,Materiales de construcción,4,30.57,122.28,122.28,0.0,24.0,6.57,26.28,0.2149,96
2026-03-27,2026-03,2026,3,2026Q1,P036,Cinta aislante negra,Electricidad,1,3.59,3.59,3.59,0.0,2.1,1.49,1.49,0.415,160
2026-03-27,2026-03,2026,3,2026Q1,P042,Codo PVC 1/2 pulgada,Gasfitería,5,1.62,8.1,8.1,0.0,0.95,0.67,3.35,0.4136,260
2026-03-28,2026-03,2026,3,2026Q1,P017,Cemento bolsa 42.5 kg,Materiales de construcción,1,29.55,29.55,29.55,0.0,24.0,5.55,5.55,0.1878,96
2026-03-28,2026-03,2026,3,2026Q1,P005,Cinta métrica 5 m,Herramientas manuales,1,13.48,13.48,13.48,0.0,8.8,4.68,4.68,0.3472,57
2026-03-28,2026-03,2026,3,2026Q1,P003,Destornillador plano 6 pulgadas,Herramientas manuales,4,8.92,35.68,35.68,0.0,5.4,3.52,14.08,0.3946,85
2026-03-28,2026-03,2026,3,2026Q1,P027,Esmalte sintético negro 1/4 gl,Pinturas,6,26.71,160.26,160.26,0.0,18.0,8.71,52.26,0.3261,45
2026-03-28,2026-03,2026,3,2026Q1,P034,Interruptor simple empotrable,Electricidad,1,9.15,9.15,9.15,0.0,5.8,3.35,3.35,0.3661,95
2026-03-29,2026-03,2026,3,2026Q1,P018,Arena fina saco 40 kg,Materiales de construcción,6,9.22,55.32,55.32,0.0,7.6,1.62,9.72,0.1757,120
2026-03-29,2026-03,2026,3,2026Q1,P051,Tarugo plástico 6 mm ciento,Tornillería y fijaciones,5,5.49,27.45,27.45,0.0,3.1,2.39,11.95,0.4353,180
2026-03-29,2026-03,2026,3,2026Q1,P020,Yeso bolsa 20 kg,Materiales de construcción,2,13.3,26.6,26.6,0.0,10.8,2.5,5.0,0.188,55
2026-03-30,2026-03,2026,3,2026Q1,P017,Cemento bolsa 42.5 kg,Materiales de construcción,5,29.71,148.55,148.55,0.0,24.0,5.71,28.55,0.1922,96
2026-03-30,2026-03,2026,3,2026Q1,P057,Guante de seguridad latex par,Seguridad industrial,1,6.93,6.93,6.93,0.0,4.3,2.63,2.63,0.3795,150
2026-03-30,2026-03,2026,3,2026Q1,P021,Ladrillo pandereta unidad,Materiales de construcción,12,0.98,11.76,11.76,0.0,0.82,0.16,1.92,0.1633,900
2026-03-30,2026-03,2026,3,2026Q1,P021,Ladrillo pandereta unidad,Materiales de construcción,3,0.99,2.97,2.97,0.0,0.82,0.17,0.51,0.1717,900
2026-03-30,2026-03,2026,3,2026Q1,P045,Pegamento PVC 1/4 gl,Gasfitería,6,17.32,103.92,103.92,0.0,11.6,5.72,34.32,0.3303,58
2026-03-31,2026-03,2026,3,2026Q1,P018,Arena fina saco 40 kg,Materiales de construcción,1,9.73,9.73,9.73,0.0,7.6,2.13,2.13,0.2189,120
2026-03-31,2026-03,2026,3,2026Q1,P005,Cinta métrica 5 m,Herramientas manuales,4,13.39,53.56,53.56,0.0,8.8,4.59,18.36,0.3428,57
2026-03-31,2026-03,2026,3,2026Q1,P019,Pegamento cerámico 25 kg,Materiales de construcción,8,23.28,186.24,186.24,0.0,18.2,5.08,40.64,0.2182,68
2026-03-31,2026-03,2026,3,2026Q1,P025,Pintura látex blanca 1 gl,Pinturas,1,48.73,48.73,48.73,0.0,34.0,14.73,14.73,0.3023,38
2026-03-31,2026-03,2026,3,2026Q1,P035,Tomacorriente doble,Electricidad,1,10.65,10.65,10.65,0.0,7.2,3.45,3.45,0.3239,87
2026-04-01,2026-04,2026,4,2026Q2,P034,Interruptor simple empotrable,Electricidad,2,9.2,18.4,18.4,0.0,5.8,3.4,6.8,0.3696,95
2026-04-01,2026-04,2026,4,2026Q2,P012,Lijadora orbital 240W,Herramientas eléctricas,3,135.27,405.81,405.81,0.0,98.0,37.27,111.81,0.2755,11
2026-04-01,2026-04,2026,4,2026Q2,P006,Serrucho carpintero 20 pulgadas,Herramientas manuales,4,35.18,140.72,140.72,0.0,24.5,10.68,42.72,0.3036,22
2026-04-02,2026-04,2026,4,2026Q2,P021,Ladrillo pandereta unidad,Materiales de construcción,12,0.95,11.4,11.4,0.0,0.82,0.13,1.56,0.1368,900
2026-04-02,2026-04,2026,4,2026Q2,P035,Tomacorriente doble,Electricidad,1,11.15,11.15,11.15,0.0,7.2,3.95,3.95,0.3543,87
2026-04-03,2026-04,2026,4,2026Q2,P042,Codo PVC 1/2 pulgada,Gasfitería,2,1.62,3.24,3.24,0.0,0.95,0.67,1.34,0.4136,260
2026-04-03,2026-04,2026,4,2026Q2,P042,Codo PVC 1/2 pulgada,Gasfitería,1,1.64,1.64,1.64,0.0,0.95,0.69,0.69,0.4207,260
2026-04-03,2026-04,2026,4,2026Q2,P009,Taladro percutor 650W,Herramientas eléctricas,1,184.72,184.72,184.72,0.0,145.0,39.72,39.72,0.215,9
2026-04-04,2026-04,2026,4,2026Q2,P053,Arandela plana 1/4 ciento,Tornillería y fijaciones,4,6.78,27.12,27.12,0.0,4.1,2.68,10.72,0.3953,92
2026-04-04,2026-04,2026,4,2026Q2,P036,Cinta aislante negra,Electricidad,8,3.64,29.12,29.12,0.0,2.1,1.54,12.32,0.4231,160
2026-04-04,2026-04,2026,4,2026Q2,P044,Cinta teflón 12 mm,Gasfitería,1,1.95,1.95,1.95,0.0,1.1,0.85,0.85,0.4359,210
2026-04-04,2026-04,2026,4,2026Q2,P003,Destornillador plano 6 pulgadas,Herramientas manuales,2,8.94,17.88,17.88,0.0,5.4,3.54,7.08,0.396,85
2026-04-04,2026-04,2026,4,2026Q2,P001,Martillo de acero 16 oz,Herramientas manuales,1,26.23,26.23,26.23,0.0,18.5,7.73,7.73,0.2947,34
2026-04-05,2026-04,2026,4,2026Q2,P038,Breaker termomagnético 20A,Electricidad,5,33.23,166.15,166.15,0.0,24.0,9.23,46.15,0.2778,36
2026-04-05,2026-04,2026,4,2026Q2,P023,Clavo para madera kg,Materiales de construcción,1,9.62,9.62,9.62,0.0,7.4,2.22,2.22,0.2308,63
2026-04-05,2026-04,2026,4,2026Q2,P054,Tuerca hexagonal 1/4 ciento,Tornillería y fijaciones,1,9.87,9.87,9.87,0.0,6.0,3.87,3.87,0.3921,75
2026-04-06,2026-04,2026,4,2026Q2,P028,Base selladora 1 gl,Pinturas,1,38.53,38.53,38.53,0.0,28.5,10.03,10.03,0.2603,28
2026-04-06,2026-04,2026,4,2026Q2,P033,Cable THW 12 AWG metro,Electricidad,2,3.48,6.96,6.96,0.0,2.4,1.08,2.16,0.3103,420
2026-04-06,2026-04,2026,4,2026Q2,P005,Cinta métrica 5 m,Herramientas manuales,4,13.82,55.28,55.28,0.0,8.8,5.02,20.08,0.3632,57
2026-04-06,2026-04,2026,4,2026Q2,P021,Ladrillo pandereta unidad,Materiales de construcción,10,1.02,10.2,10.2,0.0,0.82,0.2,2.0,0.1961,900
2026-04-06,2026-04,2026,4,2026Q2,P043,Llave esférica 1/2 pulgada,Gasfitería,4,14.13,56.52,56.52,0.0,9.8,4.33,17.32,0.3064,74
2026-04-06,2026-04,2026,4,2026Q2,P019,Pegamento cerámico 25 kg,Materiales de construcción,8,23.21,185.68,185.68,0.0,18.2,5.01,40.08,0.2159,68
2026-04-06,2026-04,2026,4,2026Q2,P046,Trampa lavatorio PVC,Gasfitería,8,12.49,99.92,99.92,0.0,8.5,3.99,31.92,0.3195,44
2026-04-06,2026-04,2026,4,2026Q2,P041,Tubo PVC agua 1/2 pulgada,Gasfitería,6,7.54,45.24,45.24,0.0,5.4,2.14,12.84,0.2838,130
2026-04-07,2026-04,2026,4,2026Q2,P033,Cable THW 12 AWG metro,Electricidad,1,3.5,3.5,3.5,0.0,2.4,1.1,1.1,0.3143,420
2026-04-07,2026-04,2026,4,2026Q2,P005,Cinta métrica 5 m,Herramientas manuales,1,14.21,14.21,14.21,0.0,8.8,5.41,5.41,0.3807,57
2026-04-08,2026-04,2026,4,2026Q2,P017,Cemento bolsa 42.5 kg,Materiales de construcción,2,30.01,60.02,60.02,0.0,24.0,6.01,12.02,0.2003,96
2026-04-08,2026-04,2026,4,2026Q2,P032,Thinner acrílico 1 L,Pinturas,4,13.43,53.72,53.72,0.0,8.9,4.53,18.12,0.3373,70
2026-04-09,2026-04,2026,4,2026Q2,P022,Alambre recocido kg,Materiales de construcción,6,9.07,54.42,54.42,0.0,6.9,2.17,13.02,0.2393,75
2026-04-09,2026-04,2026,4,2026Q2,P033,Cable THW 12 AWG metro,Electricidad,1,3.71,3.71,3.71,0.0,2.4,1.31,1.31,0.3531,420
2026-04-09,2026-04,2026,4,2026Q2,P003,Destornillador plano 6 pulgadas,Herramientas manuales,1,8.88,8.88,8.88,0.0,5.4,3.48,3.48,0.3919,85
2026-04-09,2026-04,2026,4,2026Q2,P021,Ladrillo pandereta unidad,Materiales de construcción,4,0.96,3.84,3.84,0.0,0.82,0.14,0.56,0.1458,900
2026-04-09,2026-04,2026,4,2026Q2,P021,Ladrillo pandereta unidad,Materiales de construcción,5,1.0,5.0,5.0,0.0,0.82,0.18,0.9,0.18,900
2026-04-09,2026-04,2026,4,2026Q2,P029,Rodillo felpa 9 pulgadas,Pinturas,3,15.05,45.15,45.15,0.0,9.7,5.35,16.05,0.3555,62
2026-04-10,2026-04,2026,4,2026Q2,P018,Arena fina saco 40 kg,Materiales de construcción,1,9.76,9.76,9.76,0.0,7.6,2.16,2.16,0.2213,120
2026-04-10,2026-04,2026,4,2026Q2,P033,Cable THW 12 AWG metro,Electricidad,1,3.53,3.53,3.53,0.0,2.4,1.13,1.13,0.3201,420
2026-04-10,2026-04,2026,4,2026Q2,P039,Canaleta PVC 20x10 mm,Electricidad,1,4.56,4.56,4.56,0.0,3.2,1.36,1.36,0.2982,115
2026-04-10,2026-04,2026,4,2026Q2,P036,Cinta aislante negra,Electricidad,5,3.7,18.5,18.5,0.0,2.1,1.6,8.0,0.4324,160
2026-04-10,2026-04,2026,4,2026Q2,P023,Clavo para madera kg,Materiales de construcción,12,9.58,114.96,114.96,0.0,7.4,2.18,26.16,0.2276,63
2026-04-10,2026-04,2026,4,2026Q2,P043,Llave esférica 1/2 pulgada,Gasfitería,4,14.87,59.48,59.48,0.0,9.8,5.07,20.28,0.341,74
2026-04-10,2026-04,2026,4,2026Q2,P008,Llave francesa 10 pulgadas,Herramientas manuales,2,39.61,79.22,79.22,0.0,28.0,11.61,23.22,0.2931,16
2026-04-10,2026-04,2026,4,2026Q2,P051,Tarugo plástico 6 mm ciento,Tornillería y fijaciones,5,5.57,27.85,27.85,0.0,3.1,2.47,12.35,0.4434,180
2026-04-11,2026-04,2026,4,2026Q2,P052,Perno hexagonal 1/4 ciento,Tornillería y fijaciones,1,19.69,19.69,19.69,0.0,12.5,7.19,7.19,0.3652,58
2026-04-11,2026-04,2026,4,2026Q2,P006,Serrucho carpintero 20 pulgadas,Herramientas manuales,5,34.68,173.4,173.4,0.0,24.5,10.18,50.9,0.2935,22
2026-04-12,2026-04,2026,4,2026Q2,P033,Cable THW 12 AWG metro,Electricidad,2,3.59,7.18,7.18,0.0,2.4,1.19,2.38,0.3315,420
2026-04-12,2026-04,2026,4,2026Q2,P029,Rodillo felpa 9 pulgadas,Pinturas,1,15.14,15.14,15.14,0.0,9.7,5.44,5.44,0.3593,62
2026-04-12,2026-04,2026,4,2026Q2,P051,Tarugo plástico 6 mm ciento,Tornillería y fijaciones,5,5.43,27.15,27.15,0.0,3.1,2.33,11.65,0.4291,180
2026-04-12,2026-04,2026,4,2026Q2,P054,Tuerca hexagonal 1/4 ciento,Tornillería y fijaciones,8,9.84,78.72,78.72,0.0,6.0,3.84,30.72,0.3902,75
2026-04-13,2026-04,2026,4,2026Q2,P038,Breaker termomagnético 20A,Electricidad,15,32.74,491.1,491.1,0.0,24.0,8.74,131.1,0.267,36
2026-04-13,2026-04,2026,4,2026Q2,P030,Brocha 2 pulgadas,Pinturas,1,7.24,7.24,7.24,0.0,4.2,3.04,3.04,0.4199,100
2026-04-13,2026-04,2026,4,2026Q2,P059,Casco de seguridad amarillo,Seguridad industrial,4,24.7,98.8,98.8,0.0,16.5,8.2,32.8,0.332,32
2026-04-13,2026-04,2026,4,2026Q2,P044,Cinta teflón 12 mm,Gasfitería,2,2.01,4.02,4.02,0.0,1.1,0.91,1.82,0.4527,210
2026-04-14,2026-04,2026,4,2026Q2,P003,Destornillador plano 6 pulgadas,Herramientas manuales,5,9.22,46.1,46.1,0.0,5.4,3.82,19.1,0.4143,85
2026-04-14,2026-04,2026,4,2026Q2,P058,Lente de seguridad transparente,Seguridad industrial,3,9.59,28.77,28.77,0.0,6.4,3.19,9.57,0.3326,95
2026-04-14,2026-04,2026,4,2026Q2,P031,Lija al agua grano 220,Pinturas,2,1.06,2.12,2.12,0.0,0.55,0.51,1.02,0.4811,320
2026-04-14,2026-04,2026,4,2026Q2,P020,Yeso bolsa 20 kg,Materiales de construcción,3,14.19,42.57,42.57,0.0,10.8,3.39,10.17,0.2389,55
2026-04-15,2026-04,2026,4,2026Q2,P057,Guante de seguridad latex par,Seguridad industrial,10,6.54,65.4,65.4,0.0,4.3,2.24,22.4,0.3425,150
2026-04-17,2026-04,2026,4,2026Q2,P023,Clavo para madera kg,Materiales de construcción,12,10.36,124.32,124.32,0.0,7.4,2.96,35.52,0.2857,63
2026-04-18,2026-04,2026,4,2026Q2,P018,Arena fina saco 40 kg,Materiales de construcción,12,9.68,116.16,116.16,0.0,7.6,2.08,24.96,0.2149,120
2026-04-18,2026-04,2026,4,2026Q2,P018,Arena fina saco 40 kg,Materiales de construcción,3,9.86,29.58,29.58,0.0,7.6,2.26,6.78,0.2292,120
2026-04-18,2026-04,2026,4,2026Q2,P017,Cemento bolsa 42.5 kg,Materiales de construcción,8,28.68,229.44,229.44,0.0,24.0,4.68,37.44,0.1632,96
2026-04-18,2026-04,2026,4,2026Q2,P066,Regadera plástica 10 L,Jardinería,1,27.85,27.85,27.85,0.0,18.5,9.35,9.35,0.3357,24
2026-04-20,2026-04,2026,4,2026Q2,P044,Cinta teflón 12 mm,Gasfitería,2,2.01,4.02,4.02,0.0,1.1,0.91,1.82,0.4527,210
2026-04-20,2026-04,2026,4,2026Q2,P051,Tarugo plástico 6 mm ciento,Tornillería y fijaciones,8,5.47,43.76,43.76,0.0,3.1,2.37,18.96,0.4333,180
2026-04-21,2026-04,2026,4,2026Q2,P043,Llave esférica 1/2 pulgada,Gasfitería,2,14.64,29.28,29.28,0.0,9.8,4.84,9.68,0.3306,74
2026-04-21,2026-04,2026,4,2026Q2,P052,Perno hexagonal 1/4 ciento,Tornillería y fijaciones,10,19.5,195.0,195.0,0.0,12.5,7.0,70.0,0.359,58
2026-04-21,2026-04,2026,4,2026Q2,P035,Tomacorriente doble,Electricidad,1,11.33,11.33,11.33,0.0,7.2,4.13,4.13,0.3645,87
2026-04-22,2026-04,2026,4,2026Q2,P017,Cemento bolsa 42.5 kg,Materiales de construcción,1,30.31,30.31,30.31,0.0,24.0,6.31,6.31,0.2082,96
2026-04-22,2026-04,2026,4,2026Q2,P031,Lija al agua grano 220,Pinturas,4,1.02,4.08,4.08,0.0,0.55,0.47,1.88,0.4608,320
2026-04-22,2026-04,2026,4,2026Q2,P051,Tarugo plástico 6 mm ciento,Tornillería y fijaciones,2,5.33,10.66,10.66,0.0,3.1,2.23,4.46,0.4184,180
2026-04-23,2026-04,2026,4,2026Q2,P044,Cinta teflón 12 mm,Gasfitería,1,1.98,1.98,1.98,0.0,1.1,0.88,0.88,0.4444,210
2026-04-23,2026-04,2026,4,2026Q2,P045,Pegamento PVC 1/4 gl,Gasfitería,8,17.27,138.16,138.16,0.0,11.6,5.67,45.36,0.3283,58
2026-04-24,2026-04,2026,4,2026Q2,P059,Casco de seguridad amarillo,Seguridad industrial,3,25.0,75.0,75.0,0.0,16.5,8.5,25.5,0.34,32
2026-04-24,2026-04,2026,4,2026Q2,P036,Cinta aislante negra,Electricidad,5,3.65,18.25,18.25,0.0,2.1,1.55,7.75,0.4247,160
2026-04-24,2026-04,2026,4,2026Q2,P023,Clavo para madera kg,Materiales de construcción,20,10.07,201.4,201.4,0.0,7.4,2.67,53.4,0.2651,63
2026-04-24,2026-04,2026,4,2026Q2,P035,Tomacorriente doble,Electricidad,10,10.84,108.4,108.4,0.0,7.2,3.64,36.4,0.3358,87
2026-04-24,2026-04,2026,4,2026Q2,P050,Tornillo autoperforante 3/4 ciento,Tornillería y fijaciones,2,9.12,18.24,18.24,0.0,5.2,3.92,7.84,0.4298,130
2026-04-25,2026-04,2026,4,2026Q2,P038,Breaker termomagnético 20A,Electricidad,2,33.28,66.56,66.56,0.0,24.0,9.28,18.56,0.2788,36
2026-04-25,2026-04,2026,4,2026Q2,P070,Fertilizante universal 1 kg,Jardinería,4,14.8,59.2,59.2,0.0,9.8,5.0,20.0,0.3378,52
2026-04-25,2026-04,2026,4,2026Q2,P043,Llave esférica 1/2 pulgada,Gasfitería,1,14.78,14.78,14.78,0.0,9.8,4.98,4.98,0.3369,74
2026-04-25,2026-04,2026,4,2026Q2,P050,Tornillo autoperforante 3/4 ciento,Tornillería y fijaciones,3,9.18,27.54,27.54,0.0,5.2,3.98,11.94,0.4336,130
2026-04-25,2026-04,2026,4,2026Q2,P049,Tornillo drywall 1 pulgada ciento,Tornillería y fijaciones,1,8.39,8.39,8.39,0.0,4.8,3.59,3.59,0.4279,145
2026-04-26,2026-04,2026,4,2026Q2,P022,Alambre recocido kg,Materiales de construcción,8,8.8,70.4,70.4,0.0,6.9,1.9,15.2,0.2159,75
2026-04-26,2026-04,2026,4,2026Q2,P010,Amoladora angular 4.5 pulgadas,Herramientas eléctricas,2,157.44,314.88,314.88,0.0,118.0,39.44,78.88,0.2505,7
2026-04-26,2026-04,2026,4,2026Q2,P013,Atornillador inalámbrico 12V,Herramientas eléctricas,3,181.47,544.41,544.41,0.0,132.0,49.47,148.41,0.2726,8
2026-04-26,2026-04,2026,4,2026Q2,P027,Esmalte sintético negro 1/4 gl,Pinturas,2,26.14,52.28,52.28,0.0,18.0,8.14,16.28,0.3114,45
2026-04-26,2026-04,2026,4,2026Q2,P050,Tornillo autoperforante 3/4 ciento,Tornillería y fijaciones,2,8.95,17.9,17.9,0.0,5.2,3.75,7.5,0.419,130
2026-04-26,2026-04,2026,4,2026Q2,P054,Tuerca hexagonal 1/4 ciento,Tornillería y fijaciones,10,10.34,103.4,103.4,0.0,6.0,4.34,43.4,0.4197,75
2026-04-27,2026-04,2026,4,2026Q2,P013,Atornillador inalámbrico 12V,Herramientas eléctricas,1,176.19,176.19,176.19,0.0,132.0,44.19,44.19,0.2508,8
2026-04-27,2026-04,2026,4,2026Q2,P003,Destornillador plano 6 pulgadas,Herramientas manuales,4,8.69,34.76,34.76,0.0,5.4,3.29,13.16,0.3786,85
2026-04-27,2026-04,2026,4,2026Q2,P049,Tornillo drywall 1 pulgada ciento,Tornillería y fijaciones,1,8.37,8.37,8.37,0.0,4.8,3.57,3.57,0.4265,145
2026-04-28,2026-04,2026,4,2026Q2,P005,Cinta métrica 5 m,Herramientas manuales,1,13.85,13.85,13.85,0.0,8.8,5.05,5.05,0.3646,57
2026-04-28,2026-04,2026,4,2026Q2,P058,Lente de seguridad transparente,Seguridad industrial,10,9.56,95.6,95.6,0.0,6.4,3.16,31.6,0.3305,95
2026-04-28,2026-04,2026,4,2026Q2,P045,Pegamento PVC 1/4 gl,Gasfitería,5,16.48,82.4,82.4,0.0,11.6,4.88,24.4,0.2961,58
2026-04-28,2026-04,2026,4,2026Q2,P019,Pegamento cerámico 25 kg,Materiales de construcción,6,22.7,136.2,136.2,0.0,18.2,4.5,27.0,0.1982,68
2026-04-29,2026-04,2026,4,2026Q2,P018,Arena fina saco 40 kg,Materiales de construcción,8,9.78,78.24,78.24,0.0,7.6,2.18,17.44,0.2229,120
2026-04-29,2026-04,2026,4,2026Q2,P044,Cinta teflón 12 mm,Gasfitería,8,2.02,16.16,16.16,0.0,1.1,0.92,7.36,0.4554,210
2026-04-29,2026-04,2026,4,2026Q2,P070,Fertilizante universal 1 kg,Jardinería,1,14.57,14.57,14.57,0.0,9.8,4.77,4.77,0.3274,52
2026-04-29,2026-04,2026,4,2026Q2,P021,Ladrillo pandereta unidad,Materiales de construcción,5,1.02,5.1,5.1,0.0,0.82,0.2,1.0,0.1961,900
2026-04-29,2026-04,2026,4,2026Q2,P031,Lija al agua grano 220,Pinturas,1,1.0,1.0,1.0,0.0,0.55,0.45,0.45,0.45,320
2026-04-29,2026-04,2026,4,2026Q2,P025,Pintura látex blanca 1 gl,Pinturas,1,48.6,48.6,48.6,0.0,34.0,14.6,14.6,0.3004,38
2026-04-29,2026-04,2026,4,2026Q2,P026,Pintura látex marfil 1 gl,Pinturas,6,48.75,292.5,292.5,0.0,33.5,15.25,91.5,0.3128,31
2026-04-29,2026-04,2026,4,2026Q2,P029,Rodillo felpa 9 pulgadas,Pinturas,3,15.22,45.66,45.66,0.0,9.7,5.52,16.56,0.3627,62
2026-04-30,2026-04,2026,4,2026Q2,P059,Casco de seguridad amarillo,Seguridad industrial,3,23.55,70.65,70.65,0.0,16.5,7.05,21.15,0.2994,32
2026-04-30,2026-04,2026,4,2026Q2,P003,Destornillador plano 6 pulgadas,Herramientas manuales,2,9.27,18.54,18.54,0.0,5.4,3.87,7.74,0.4175,85
2026-04-30,2026-04,2026,4,2026Q2,P003,Destornillador plano 6 pulgadas,Herramientas manuales,3,9.26,27.78,27.78,0.0,5.4,3.86,11.58,0.4168,85
2026-04-30,2026-04,2026,4,2026Q2,P043,Llave esférica 1/2 pulgada,Gasfitería,4,14.75,59.0,59.0,0.0,9.8,4.95,19.8,0.3356,74
2026-04-30,2026-04,2026,4,2026Q2,P035,Tomacorriente doble,Electricidad,5,11.3,56.5,56.5,0.0,7.2,4.1,20.5,0.3628,87
